Question_id,question_text,question_zone,ground_truth_answer,chatbot,,,,,,,,,,,,,,,,,
Q001,Hiệu trưởng trường Đại học Vinh hiện nay là ai?,White Area,Hiệu trưởng Trường Đại học Vinh hiện nay (tính đến năm 2024) là GS.TS. Nguyễn Huy Bằng,"GS.TS. Nguyễn Huy Bằng - Hiệu trưởng, Chủ tịch Hội đồng KH&ĐT Nhà trường.",,,,,,,,,,,,,,,,,
Q002,Học phần tiên quyết là gì,White Area,Học phần tiên quyết (Prerequisite) là môn học bắt buộc phải hoàn thành (đạt điểm qua) trước khi được đăng ký học một môn học khác có liên quan về kiến thức hoặc kỹ năng.,học phần tiên quyết là những môn học bắt buộc sinh viên phải hoàn thành trước khi được đăng ký học các môn học tiếp theo trong chương trình đào tạo,,,,,,,,,,,,,,,,,
Q003,Điều kiện để tốt nghiệp loại xuất sắc là gì?,White Area,"Sinh viên phải đạt điểm trung bình tích lũy từ 3,6 đến 4,0 theo thang điểm 4 hoặc từ 9,0 đến 10,0 theo thang điểm 10, Ngoài thành tích học tập xuất sắc, sinh viên cần đạt kết quả rèn luyện loại xuất sắc trong suốt quá trình học tập tại trường.  Sinh viên không bị truy cứu trách nhiệm hình sự, không vi phạm các quy định của nhà trường và hoàn thành đầy đủ các yêu cầu về chương trình đào tạo, bao gồm cả chuẩn đầu ra và số tín chỉ tích lũy theo quy định",điều kiện để xếp loại tốt nghiệp xuất sắc bao gồm: - Điểm trung bình chung học tập (TBCHT) đạt từ 9.0 - 10.0 (thang điểm 10) - Xếp loại rèn luyện: Xuất sắc - Không có điểm học phần nào dưới 5.0 - Không vi phạm kỷ luật từ khiển trách trở lên,,,,,,,,,,,,,,,,,
Q004,Em có thể đăng ký học phần ngoài chương trình đào tạo không?,White Area,"Tại Trường Đại học Vinh, sinh viên có thể đăng ký học các học phần ngoài chương trình đào tạo chính thức, tuy nhiên cần tuân thủ các quy định cụ thể của nhà trường. Để biết thêm chi tiết, bạn nên liên hệ với phòng đào tạo hoặc cố vấn học tập để được hướng dẫn cụ thể."," sinh viên có thể đăng ký học các học phần ngoài chương trình đào tạo chính thức, tuy nhiên cần tuân thủ các quy định cụ thể của nhà trường",,,,,,,,,,,,,,,,,
Q005, sv k63 cho em hỏi nếu học được nửa tháng mà cảm thấy không hợp thì có được hoàn trả học phí không?,White Area,"Chính sách hoàn trả học phí khi rút học phần phụ thuộc vào quy định cụ thể của Trường Đại học Vinh. Thông thường, việc hoàn trả học phí sẽ giảm dần theo thời gian kể từ khi bắt đầu học kỳ. Bạn nên liên hệ trực tiếp với phòng kế hoạch - tài chính của trường để được tư vấn chi tiết về trường hợp của mình.","sinh viên có thể được xem xét hoàn trả học phí nếu thôi học trong thời gian đầu năm học, tuy nhiên mức hoàn trả và điều kiện cụ thể phụ thuộc vào quy định của từng trường. Bạn cần liên hệ trực tiếp với Phòng Tài chính - Kế toán hoặc Phòng Đào tạo của Trường Đại học Vinh để biết chính sách hoàn phí cụ thể áp dụng cho trường hợp của bạn. Thông thường, việc hoàn trả sẽ tính theo tỷ lệ thời gian học đã tham gia.",,,,,,,,,,,,,,,,,
Q006,muốn nộp đơn xin hoàn trả học phí thì phải làm thế nào?,White Area,"Để nộp đơn xin hoàn trả học phí, bạn cần:

- Chuẩn bị đơn xin hoàn trả học phí theo mẫu của trường.​

- Nộp đơn tại phòng kế hoạch - tài chính hoặc bộ phận liên quan.​

- Theo dõi và hoàn thành các thủ tục bổ sung (nếu có) theo hướng dẫn của nhà trường.",sinh viên muốn nộp đơn xin hoàn trả học phí cần liên hệ trực tiếp với Phòng Kế toán hoặc Phòng Công tác sinh viên của Trường Đại học Vinh để được hướng dẫn cụ thể về thủ tục và điều kiện hoàn trả học phí.,,,,,,,,,,,,,,,,,
Q007,sinh viên k63 chuẩn bị vào trường em đã nhập học nhưng chưa lên trường thì có được bảo lưu không?,White Area,"Việc bảo lưu kết quả học tập thường áp dụng cho sinh viên đã bắt đầu quá trình học tập. Nếu bạn đã nhập học nhưng chưa tham gia học tập, bạn nên liên hệ với phòng đào tạo để được hướng dẫn cụ thể về khả năng bảo lưu hoặc các lựa chọn khác phù hợp với tình hình của bạn.","Theo quy định chung của các trường đại học, sinh viên đã nhập học nhưng chưa lên trường có thể được xem xét bảo lưu nếu có lý do chính đáng (ốm đau, tai nạn, dịch bệnh...). Tuy nhiên, để biết chính xác điều kiện và thủ tục bảo lưu cụ thể tại Trường Đại học Vinh, bạn nên liên hệ trực tiếp với Phòng Đào tạo của trường hoặc xem thông tin chi tiết trên website chính thức của trường.",,,,,,,,,,,,,,,,,
Q008,Khi nào có lịch thi học kỳ 2,White Area,Lịch thi học kỳ 2 thường được công bố vài tuần trước khi kỳ thi diễn ra. Bạn nên thường xuyên kiểm tra thông báo trên trang web chính thức của trường hoặc liên hệ với phòng đào tạo để cập nhật thông tin mới nhất.,lịch thi học kỳ sẽ được thông báo trên website của trường hoặc qua phòng Đào tạo. Bạn vui lòng theo dõi thông báo chính thức từ Nhà trường để biết lịch thi chính xác.,,,,,,,,,,,,,,,,,
Q009,bao giờ bắt đầu xét học bổng,White Area,"Quá trình xét học bổng thường diễn ra sau khi kết thúc mỗi học kỳ, dựa trên kết quả học tập và rèn luyện của sinh viên. Thời gian cụ thể sẽ được thông báo bởi phòng công tác sinh viên hoặc bộ phận liên quan. Bạn nên theo dõi các thông báo chính thức để không bỏ lỡ cơ hội.","các trường đại học sẽ có nhiều đợt xét học bổng trong năm (đầu năm học, cuối kỳ, hoặc theo từng học kỳ). Bạn nên liên hệ trực tiếp Phòng Công tác sinh viên hoặc truy cập website chính thức của trường để biết lịch trình cụ thể.",,,,,,,,,,,,,,,,,
Q010,Trường có tổ chức thi lại không hay chỉ xét học lại,White Area,"Tùy theo quy định của từng học phần và nhà trường, có thể có hình thức thi lại hoặc yêu cầu học lại. Bạn nên tham khảo quy chế đào tạo của trường hoặc liên hệ với phòng đào tạo để biết thông tin chi tiết về từng trường hợp cụ thể.",có thể có hình thức thi lại hoặc yêu cầu học lại. Bạn nên tham khảo quy chế đào tạo của trường hoặc liên hệ với phòng đào tạo để biết thông tin chi tiết về từng trường hợp cụ thể.,,,,,,,,,,,,,,,,,
Q011,có thể học song ngành không,White Area,"Trường Đại học Vinh có thể cho phép sinh viên học song ngành nếu đáp ứng đủ các điều kiện theo quy định. Bạn nên liên hệ với phòng đào tạo để được tư vấn về điều kiện, thủ tục và lộ trình học tập khi muốn đăng ký học song ngành.",nhiều trường đại học tại Việt Nam cho phép sinh viên học song ngành nếu đáp ứng điều kiện về học lực và thời gian biểu. Bạn nên liên hệ trực tiếp Phòng Đào tạo của Trường Đại học Vinh để được hướng dẫn cụ thể về thủ tục và điều kiện áp dụng.,,,,,,,,,,,,,,,,,
Q012,Học phí năm nay có thay đổi không?,White Area,Mức học phí có thể thay đổi theo từng năm học dựa trên quyết định của nhà trường và các cơ quan quản lý giáo dục. Bạn nên kiểm tra thông báo chính thức từ trường hoặc liên hệ với phòng kế hoạch - tài chính để biết mức học phí cụ thể cho năm học hiện tại.,"Theo tài liệu cung cấp, học phí của Trường Đại học Vinh năm học 2021-2022 là 400.000 đồng/tháng đối với hệ chính quy và 3.000.000 đồng/tháng đối với hệ Chất lượng cao. Các năm tiếp theo, Nhà trường sẽ có thông báo cụ thể trên trang web của trường. Để biết thông tin chính xác về học phí năm nay, bạn nên truy cập trang web chính thức của Trường Đại học Vinh hoặc liên hệ trực tiếp với Phòng Tài chính Kế toán của trường.",,,,,,,,,,,,,,,,,
Q013,không hoàn thành đủ số tín chỉ thì có bị đình chỉ học không,White Area,"Việc không hoàn thành đủ số tín chỉ theo yêu cầu có thể dẫn đến các hình thức xử lý như cảnh báo học vụ hoặc đình chỉ học tập, tùy theo mức độ và quy định của nhà trường. Bạn nên tham khảo quy chế đào tạo hoặc liên hệ với cố vấn học tập để hiểu rõ hơn về trường hợp của mình.","Theo tài liệu cung cấp (Document 3), Trường Đại học Vinh có tầm nhìn trở thành ""thành viên của Mạng lưới các trường đại học ASEAN"", điều này cho thấy trường có định hướng hợp tác quốc tế. Tuy nhiên, trong các tài liệu được cung cấp không có thông tin cụ thể về chương trình trao đổi sinh viên với nước ngoài. Dựa trên kiến thức chung về các trường đại học Việt Nam, nhiều trường đại học lớn thường có các chương trình trao đổi sinh viên với đối tác nước ngoài. Bạn có thể liên hệ trực tiếp Phòng Hợp tác Quốc tế của Trường Đại học Vinh để biết thông tin chi tiết về các chương trình này.",,,,,,,,,,,,,,,,,
Q014,Trường có chương trình trao đổi sinh viên với nước ngoài không?,White Area,"Trường Đại học Vinh có thể có các chương trình hợp tác và trao đổi sinh viên với các trường đại học nước ngoài. Để biết thông tin chi tiết về các chương trình này, bạn nên liên hệ với phòng hợp tác quốc tế hoặc phòng công tác sinh viên của trường.

","Theo tài liệu cung cấp (Document 3), Trường Đại học Vinh có tầm nhìn trở thành ""thành viên của Mạng lưới các trường đại học ASEAN"", điều này cho thấy trường có định hướng hợp tác quốc tế. Tuy nhiên, trong các tài liệu được cung cấp không có thông tin cụ thể về chương trình trao đổi sinh viên với nước ngoài. Dựa trên kiến thức chung về các trường đại học Việt Nam, nhiều trường đại học lớn thường có các chương trình trao đổi sinh viên với đối tác nước ngoài. Bạn có thể liên hệ trực tiếp Phòng Hợp tác Quốc tế của Trường Đại học Vinh để biết thông tin chi tiết về các chương trình này.",,,,,,,,,,,,,,,,,
Q015, có thể rút bớt môn đã đăng ký không?,White Area,"Việc rút bớt môn đã đăng ký thường được phép trong một khoảng thời gian nhất định sau khi bắt đầu học kỳ, theo quy định của trường. Bạn nên kiểm tra thời gian và thủ tục cụ thể tại phòng đào tạo hoặc trên hệ thống quản lý sinh viên của trường."," nếu sinh viên không hoàn thành đủ số tín chỉ theo yêu cầu của chương trình học trong một khoảng thời gian nhất định (thường là theo năm học), có thể bị xử lý kỷ luật ở các mức độ khác nhau, bao gồm cả đình chỉ học. Tuy nhiên, mức độ xử lý cụ thể phụ thuộc vào quy định riêng của từng trường. Bạn nên tham khảo Quy chế đào tạo của Trường Đại học Vinh để biết chi tiết cụ thể.",,,,,,,,,,,,,,,,,
Q016,Nếu nghỉ học dài ngày có cần báo cáo không?,White Area,"Nếu bạn dự định nghỉ học dài ngày, bạn nên thông báo và xin phép từ các bộ phận liên quan như phòng đào tạo, cố vấn học tập hoặc phòng công tác sinh viên để tránh ảnh hưởng đến quá trình học tập và các quyền lợi khác.","Theo quy định chung của các trường đại học (bao gồm cả Trường Đại học Vinh), sinh viên khi nghỉ học dài ngày cần phải báo cáo với khoa/phòng đào tạo và nộp đơn xin phép nghỉ học có lý do chính đáng, kèm theo các giấy tờ chứng minh (nếu cần). Điều này nhằm đảm bảo quyền lợi học tập và được xét các trường hợp đặc biệt. Tuy nhiên, trong các tài liệu được cung cấp không đề cập cụ thể quy trình báo cáo nghỉ học dài ngày tại Trường Đại học Vinh. Bạn nên liên hệ trực tiếp với Phòng Đào tạo hoặc bộ phận quản lý sinh viên của trường để được hướng dẫn chi tiết.",,,,,,,,,,,,,,,,,
Q017,Học bổng có điều kiện gì không,White Area,"Theo tài liệu của Trường Đại học Vinh (Document 2), điều kiện để được xét cấp học bổng KKHT bao gồm: 1. Học sinh phải thuộc hệ chính quy trong chỉ tiêu ngân sách Nhà nước 2. Đạt kết quả học tập loại giỏi (điểm TBCHT từ 8.0 trở lên) 3. Hạnh kiểm tốt 4. Đạt điểm môn chuyên từ 8.50 trở lên Mức học bổng được xét theo thang điểm: - Mức 1: Điểm môn chuyên từ 8.50 đến 8.99 - Các mức khác sẽ căn cứ vào quy định cụ thể của nhà trường Chỉ tiêu học bổng cho mỗi môn chuyên bằng 20% tổng số học sinh của môn chuyên đó theo khóa học.", điều kiện để được xét cấp học bổng KKHT bao gồm: 1. Học sinh phải thuộc hệ chính quy trong chỉ tiêu ngân sách Nhà nước 2. Đạt kết quả học tập loại giỏi (điểm TBCHT từ 8.0 trở lên) 3. Hạnh kiểm tốt 4. Đạt điểm môn chuyên từ 8.50 trở lên Mức học bổng được xét theo thang điểm: - Mức 1: Điểm môn chuyên từ 8.50 đến 8.99 - Các mức khác sẽ căn cứ vào quy định cụ thể của nhà trường Chỉ tiêu học bổng cho mỗi môn chuyên bằng 20% tổng số học sinh của môn chuyên đó theo khóa học.,,,,,,,,,,,,,,,,,
Q018,Nếu bị điểm F thì có thể cải thiện bằng cách nào?,White Area,"Theo quy định chung của các trường đại học (bao gồm Đại học Vinh), nếu sinh viên bị điểm F (không đạt), có thể cải thiện bằng các cách sau: 1. Đăng ký học lại môn đó trong học kỳ tiếp theo để thi lại và cải thiện điểm. 2. Đối với một số môn học, sinh viên có thể đăng ký học cải thiện (nếu được phép) thay vì học lại toàn bộ. 3. Tích cực tham gia các buổi phụ đạo (nếu có) do giảng viên tổ chức. Lưu ý: Điểm cao nhất có thể đạt được khi học lại/cải thiện thường bị giới hạn (ví dụ: tối đa điểm B hoặc C tùy quy định của từng trường). Sinh viên nên tham khảo cụ thể quy chế đào tạo của Đại học Vinh để biết chi tiết.","Theo quy định chung của các trường đại học (bao gồm Đại học Vinh), nếu sinh viên bị điểm F (không đạt), có thể cải thiện bằng các cách sau: 1. Đăng ký học lại môn đó trong học kỳ tiếp theo để thi lại và cải thiện điểm. 2. Đối với một số môn học, sinh viên có thể đăng ký học cải thiện (nếu được phép) thay vì học lại toàn bộ. 3. Tích cực tham gia các buổi phụ đạo (nếu có) do giảng viên tổ chức. Lưu ý: Điểm cao nhất có thể đạt được khi học lại/cải thiện thường bị giới hạn (ví dụ: tối đa điểm B hoặc C tùy quy định của từng trường). Sinh viên nên tham khảo cụ thể quy chế đào tạo của Đại học Vinh để biết chi tiết.",,,,,,,,,,,,,,,,,
Q019,Khi nào có danh sách lớp học cho kỳ tới?,White Area,Danh sách lớp học cho kỳ học mới thường được công bố trước khi bắt đầu học kỳ vài tuần. Bạn nên kiểm tra thông báo trên trang web của trường hoặc hệ thống quản lý sinh viên để cập nhật thông tin.,Danh sách lớp học cho kỳ học mới thường được công bố trước khi bắt đầu học kỳ vài tuần. Bạn nên kiểm tra thông báo trên trang web của trường hoặc hệ thống quản lý sinh viên để cập nhật thông tin.,,,,,,,,,,,,,,,,,
Q020,Thời gian đăng ký tín chỉ là khi nào?,White Area,"Theo tài liệu của Trường Đại học Vinh (Document 1), thời gian đăng ký tín chỉ được quy định như sau: - Học kỳ đầu tiên: Cố vấn học tập sẽ đăng ký học phần cho sinh viên theo thời khóa biểu nhà trường bố trí sẵn. - Từ học kỳ thứ 2 trở đi: Sinh viên chủ động lựa chọn và đăng ký các lớp học phần qua tài khoản sinh viên trên hệ thống đăng ký học của trường (thường vào cuối mỗi học kỳ).",thời gian đăng ký tín chỉ được quy định như sau: - Học kỳ đầu tiên: Cố vấn học tập sẽ đăng ký học phần cho sinh viên theo thời khóa biểu nhà trường bố trí sẵn. - Từ học kỳ thứ 2 trở đi: Sinh viên chủ động lựa chọn và đăng ký các lớp học phần qua tài khoản sinh viên trên hệ thống đăng ký học của trường (thường vào cuối mỗi học kỳ).,,,,,,,,,,,,,,,,,
Q021,Bao nhiêu tín chỉ là tối đa cho một kỳ học?,White Area,"Theo tài liệu của Trường Đại học Vinh (Document 9), sinh viên cần đăng ký tối thiểu 14 tín chỉ mỗi học kỳ để được xét học bổng KKHT. Tuy nhiên, tài liệu không đề cập cụ thể số tín chỉ tối đa cho một kỳ học. Thông thường ở các trường đại học, mức tối đa thường dao động từ 18-22 tín chỉ/học kỳ tùy quy định của từng trường.","Theo tài liệu của Trường Đại học Vinh (Document 9), sinh viên cần đăng ký tối thiểu 14 tín chỉ mỗi học kỳ để được xét học bổng KKHT. Tuy nhiên, tài liệu không đề cập cụ thể số tín chỉ tối đa cho một kỳ học. Thông thường ở các trường đại học, mức tối đa thường dao động từ 18-22 tín chỉ/học kỳ tùy quy định của từng trường.",,,,,,,,,,,,,,,,,
Q022,học quá số tín chỉ có bị ảnh hưởng gì không?,White Area,"Thông thường, sinh viên có thể đăng ký học vượt số tín chỉ tối đa quy định trong một học kỳ nếu đáp ứng điều kiện học lực (thường phải có điểm trung bình tích lũy tốt). - Việc học vượt tín chỉ không bị ảnh hưởng gì nếu sinh viên đảm bảo hoàn thành tốt các học phần đã đăng ký. - Tuy nhiên, nếu đăng ký quá nhiều tín chỉ dẫn đến kết quả học tập không đạt yêu cầu thì có thể ảnh hưởng đến điểm trung bình chung và tiến độ học tập. Để biết chính xác quy định của Trường Đại học Vinh về vấn đề này, bạn nên tham khảo thêm quy chế đào tạo tín chỉ hiện hành của trường.","Thông thường, sinh viên có thể đăng ký học vượt số tín chỉ tối đa quy định trong một học kỳ nếu đáp ứng điều kiện học lực (thường phải có điểm trung bình tích lũy tốt). - Việc học vượt tín chỉ không bị ảnh hưởng gì nếu sinh viên đảm bảo hoàn thành tốt các học phần đã đăng ký. - Tuy nhiên, nếu đăng ký quá nhiều tín chỉ dẫn đến kết quả học tập không đạt yêu cầu thì có thể ảnh hưởng đến điểm trung bình chung và tiến độ học tập. Để biết chính xác quy định của Trường Đại học Vinh về vấn đề này, bạn nên tham khảo thêm quy chế đào tạo tín chỉ hiện hành của trường.",,,,,,,,,,,,,,,,,
Q023,Thang điểm của trường có tính điểm GPA không?,White Area,"	Có, theo hệ thống điểm 4.0 hoặc 10 tùy quy định của khoa.","Theo tài liệu của Trường Đại học Vinh (Document 2), nhà trường có sử dụng điểm trung bình tích lũy (GPA) để đánh giá học lực của sinh viên. Cụ thể: - Đối với ngành đào tạo sư phạm, sức khỏe: yêu cầu GPA tối thiểu 2.5 trở lên - Đối với các ngành còn lại: yêu cầu GPA tối thiểu 2.0 trở lên Điều này chứng tỏ Trường Đại học Vinh có áp dụng thang điểm GPA trong đánh giá kết quả học tập của sinh viên.",,,,,,,,,,,,,,,,,
Q024, có thể bảo lưu kết quả học tập bao lâu?,White Area,"nếu sinh viên bị ốm vào ngày thi, có thể xin thi lại bằng cách: 1. Làm đơn xin vắng thi có lý do và xin thi bổ sung 2. Đơn phải có sự đồng ý của đơn vị đào tạo chủ quản 3. Nộp kèm các minh chứng (giấy nhập viện, không chấp nhận đơn thuốc/sổ khám bệnh) 4. Nộp tại Bộ phận một cửa trong thời gian quy định Trường hợp này sẽ được xem xét và tổ chức thi bổ sung nếu đủ điều kiện. Nếu không có lý do chính đáng, sinh viên sẽ nhận điểm F và phải học lại học phần đó.","Theo quy định của Trường Đại học Vinh (tài liệu 1), nếu sinh viên bị ốm vào ngày thi, có thể xin thi lại bằng cách: 1. Làm đơn xin vắng thi có lý do và xin thi bổ sung 2. Đơn phải có sự đồng ý của đơn vị đào tạo chủ quản 3. Nộp kèm các minh chứng (giấy nhập viện, không chấp nhận đơn thuốc/sổ khám bệnh) 4. Nộp tại Bộ phận một cửa trong thời gian quy định Trường hợp này sẽ được xem xét và tổ chức thi bổ sung nếu đủ điều kiện. Nếu không có lý do chính đáng, sinh viên sẽ nhận điểm F và phải học lại học phần đó.",,,,,,,,,,,,,,,,,
Q025,Nếu bị ốm vào ngày thi có thể xin thi lại không?,White Area,"nếu sinh viên bị ốm vào ngày thi, có thể xin thi lại bằng cách: 1. Làm đơn xin vắng thi có lý do và xin thi bổ sung 2. Đơn phải có sự đồng ý của đơn vị đào tạo chủ quản 3. Nộp kèm các minh chứng (giấy nhập viện, không chấp nhận đơn thuốc/sổ khám bệnh) 4. Nộp tại Bộ phận một cửa trong thời gian quy định Trường hợp này sẽ được xem xét và tổ chức thi bổ sung nếu đủ điều kiện. Nếu không có lý do chính đáng, sinh viên sẽ nhận điểm F và phải học lại học phần đó.",liên hệ phòng công tác sinh viên để biết thêm chi tiết,,,,,,,,,,,,,,,,,
Q026,Trường có hỗ trợ sinh viên vay vốn không?,White Area,liên hệ phòng công tác sinh viên để biết thêm chi tiết,việc thực tập sớm phụ thuộc vào quy định của từng ngành học và yêu cầu của chương trình đào tạo. Bạn nên liên hệ trực tiếp với phòng đào tạo hoặc khoa chuyên môn của trường để được hướng dẫn cụ thể.,,,,,,,,,,,,,,,,,
Q027,có được thực tập sớm không?,White Area,việc thực tập sớm phụ thuộc vào quy định của từng ngành học và yêu cầu của chương trình đào tạo. Bạn nên liên hệ trực tiếp với phòng đào tạo hoặc khoa chuyên môn của trường để được hướng dẫn cụ thể.,"Theo quy định tại tài liệu của Trường Đại học Vinh (Document 1), nếu vi phạm nội quy thi cử, tùy theo tính chất và mức độ vi phạm, sinh viên có thể bị xử lý kỷ luật (khiển trách, cảnh cáo, đình chỉ học tập), xử phạt hành chính hoặc truy cứu trách nhiệm hình sự nếu vi phạm nghiêm trọng. Nếu gây thiệt hại về tài sản thì phải bồi thường theo quy định.",,,,,,,,,,,,,,,,,
Q028,Nếu vi phạm nội quy thi cử thì bị xử lý thế nào?,White Area,"Theo quy định tại tài liệu của Trường Đại học Vinh (Document 1), nếu vi phạm nội quy thi cử, tùy theo tính chất và mức độ vi phạm, sinh viên có thể bị xử lý kỷ luật (khiển trách, cảnh cáo, đình chỉ học tập), xử phạt hành chính hoặc truy cứu trách nhiệm hình sự nếu vi phạm nghiêm trọng. Nếu gây thiệt hại về tài sản thì phải bồi thường theo quy định.","Theo quy định tại tài liệu của Trường Đại học Vinh (Document 1), nếu vi phạm nội quy thi cử, tùy theo tính chất và mức độ vi phạm, sinh viên có thể bị xử lý kỷ luật (khiển trách, cảnh cáo, đình chỉ học tập), xử phạt hành chính hoặc truy cứu trách nhiệm hình sự nếu vi phạm nghiêm trọng. Nếu gây thiệt hại về tài sản thì phải bồi thường theo quy định.",,,,,,,,,,,,,,,,,
Q029,"Trường có cấp bảng điểm online không?	",White Area,"Có, em có thể tải bảng điểm từ hệ thống quản lý sinh viên.","Theo tài liệu cung cấp, Trường Đại học Vinh có Bộ phận một cửa cung cấp dịch vụ bổ sung bảng điểm cho sinh viên (Document 3). Tuy nhiên, tài liệu không đề cập cụ thể đến việc cấp bảng điểm online. Sinh viên cần nộp hồ sơ trực tiếp tại Bộ phận một cửa để được cấp giấy xác nhận/bảng điểm. Thời gian giải quyết thường trong ngày làm việc tiếp theo.",,,,,,,,,,,,,,,,,
Q030,Nếu bị mất thẻ sinh viên thì phải làm sao?,White Area,Em đến bộ phận một cửa để xin cấp lại thẻ.,"Nếu bị mất thẻ sinh viên tại Trường Đại học Vinh, bạn cần thực hiện các bước sau: 1. **Chuẩn bị hồ sơ**: - Viết đơn xin cấp lại thẻ (nêu rõ lý do) - 01 bản photo CMND/CCCD - 02 ảnh màu 3x4 (chụp trong vòng 6 tháng) - Nộp lệ phí: 100.000 đồng 2. **Quy trình**: - Nộp hồ sơ tại Bộ phận một cửa - Phòng CTCT-HSSV sẽ kiểm tra và làm thẻ mới - Nhận lại thẻ tại Bộ phận một cửa sau 10 ngày làm việc 3. **Lưu ý**: - Phải đeo thẻ khi vào trường theo quy định - Thẻ tích hợp nhiều chức năng (thư viện, ngân hàng...) nên cần báo mất sớm để tránh rủi ro (Thông tin được trích từ Document 5 và Document 6 trong tài liệu hướng dẫn HSSV năm 2021 của Trường Đại học Vinh)",,,,,,,,,,,,,,,,,
Q031,Trường Đại học Vinh thực hiện chương trình đào tạo nào?,Noise Area,"Thời gian học tập của sinh viên được quy định như sau a) Đối với hệ chính quy, thời gian thiết kế chuẩn cho CTĐT trình độ đại học là 4 năm đối với các ngành đào tạo cấp bằng cử nhân; 4,5 – 5 năm đối với các ngành đào tạo cấp bằng kỹ sư. b) Thời gian tối đa để sinh viên hoàn thành CTĐT không được vượt quá 02 lần thời gian theo kế hoạch học tập chuẩn toàn khóa đối với mỗi hình thức đào tạo, được thiết kế cho CTĐT ngành/chuyên ngành đó. c) Đối với sinh viên học liên thông đã được miễn trừ khối lượng tín chỉ tích lũy, thời gian tối đa để sinh viên hoàn thành khóa học được xác định trên cơ sở thời gian theo kế hoạch học tập chuẩn toàn khoá giảm tương ứng với khối lượng được miễn trừ. d) Thời gian sinh viên nghỉ học tạm thời và thời gian học ở trường khác khi chuyển về Trường Đại học Vinh (nếu có) đều được tính vào thời gian tối đa của khóa đào tạo. e) Các đối tượng được hưởng chính sách ưu tiên theo quy định trong Quy chế tuyển sinh đại học, cao đẳng của Bộ Giáo dục và Đào tạo (trong năm tuyển sinh) không hạn chế về thời gian tối đa để hoàn thành chương trình.",,,,,,,,,,,,,,,,,,
Q032,Hình thức tổ chức dạy học được triển khai theo mô hình nào?,Noise Area,"Hình thức tổ chức dạy học được triển khai theo mô hình “Dạy học kết hợp” (Blended learning) 
nhằm mục tiêu hướng đến cá nhân hóa, học tập chủ động; đảm bảo sự linh hoạt cho hoạt động dạy và 
học; tăng thời gian trải nghiệm kiến thức, kỹ năng, mức tự chủ và trách nhiệm; đáp ứng nhu cầu học tập 
suốt đời của người học; phù hợp với sứ mạng, tầm nhìn và triết lý giáo dục của Nhà trường. ","Dựa trên tài liệu 1, Trường Đại học Vinh triển khai hình thức tổ chức dạy học theo mô hình tăng thời gian trải nghiệm kiến thức, kỹ năng, mức tự chủ và trách nhiệm của người học, phù hợp với sứ mạng, tầm nhìn và triết lý giáo dục của Nhà trường. Đồng thời, theo tài liệu 4, chương trình đào tạo được tổ chức theo hệ thống tín chỉ, với 1 tín chỉ tương đương 15 giờ lý thuyết hoặc 30-60 giờ thực hành/thực tập tùy loại hình học phần.",,,,,,,,,,,,,,,,,
Q033,"Thời gian các tiết 1,2 mùa hè?",Noise Area,Tiết 1: 07h00 - 07h50 Tiết 2: 07h55 - 08h45,"Theo tài liệu của Trường Đại học Vinh, thời gian các tiết 1,2 mùa hè như sau: - Tiết 1: 6h30 - 7h20 - Tiết 2: 7h25 - 8h15",,,,,,,,,,,,,,,,,
Q034,Việc đăng ký học phần diễn ra như thế nào?,Noise Area,"Học kỳ đầu tiên của khóa học, Cố vấn học tập đăng ký học phần cho SV theo thời khóa biểu do 
Nhà trường bố trí sẵn cho từng lớp/khóa học. Từ học kỳ thứ 2 trở đi, SV chủ động lựa chọn và đăng ký 
các lớp học phần qua tài khoản SV trên hệ thống đăng ký học của Nhà trường. Cuối mỗi học kỳ, SV 
phải đăng ký các học phần cho học kỳ tiếp theo. Việc đăng ký các học phần cho từng học kỳ được thực 
hiện theo kế hoạch của Nhà trường dưới sự hướng dẫn đăng ký học của Cố vấn học tập.","Hiện tại, trong các tài liệu được cung cấp không có thông tin cụ thể về quy trình đăng ký học phần tại Trường Đại học Vinh. Tuy nhiên, theo thông lệ chung tại các trường đại học, việc đăng ký học phần thường diễn ra theo các bước sau: 1. Sinh viên đăng nhập vào hệ thống đăng ký học phần trực tuyến của trường 2. Xem kế hoạch đào tạo và lựa chọn các học phần phù hợp 3. Kiểm tra điều kiện tiên quyết (nếu có) 4. Đăng ký các học phần mong muốn trong thời gian quy định 5. Xác nhận đăng ký và in phiếu đăng ký học phần Để biết thông tin chính xác về quy trình đăng ký học phần tại Trường Đại học Vinh, bạn nên liên hệ trực tiếp với Phòng Đào tạo của trường hoặc truy cập website chính thức.",,,,,,,,,,,,,,,,,
Q035,Thang điểm 4 của trường Đại học Vinh được cấu trúc như thế nào?,Noise Area,"Thang điểm 10          Thang điểm chữ

8,5 - 10,0                              A

7,0 - 8,4                                B

5,5 - 6,9                                C

4,0 -  5,4                               D

Dưới 4,0                               F","Theo tài liệu cung cấp (Document 3 và Document 4), thang điểm 4 tại Trường Đại học Vinh được quy định như sau để xếp loại tốt nghiệp: - Xuất sắc: Điểm tích lũy trung bình từ 3.6 đến 4.0 - Giỏi: Điểm tích lũy trung bình từ 3.2 đến dưới 3.6 - Khá: Điểm tích lũy trung bình từ 2.5 đến dưới 3.2 - Trung bình: Điểm tích lũy trung bình từ 2.0 đến dưới 2.5 Lưu ý: Hạng tốt nghiệp có thể bị giảm một mức nếu sinh viên thuộc các trường hợp vi phạm quy định về học lại hoặc kỷ luật.",,,,,,,,,,,,,,,,,
Q036, có thể đăng ký học cải thiện điểm không?,Noise Area,Bạn nên liên hệ trực tiếp với Phòng Đào tạo của trường hoặc kiểm tra quy chế đào tạo để biết thủ tục cụ thể.,thông thường sinh viên có thể đăng ký học cải thiện điểm cho các học phần đã học nhưng chưa đạt điểm mong muốn. Bạn nên liên hệ trực tiếp với Phòng Đào tạo của trường hoặc kiểm tra quy chế đào tạo để biết thủ tục cụ thể.,,,,,,,,,,,,,,,,,
Q037,đã học xong nhưng còn nợ môn thì có được xét tốt nghiệp không?,Noise Area,"sinh viên đã hết thời gian học tập tối đa nhưng chưa đủ điều kiện tốt nghiệp do còn nợ môn (chưa hoàn thành các học phần GDQP-AN, GDTC hoặc chưa đạt chuẩn đầu ra về ngoại ngữ, công nghệ thông tin, kỹ năng mềm) có thể được hoàn thiện các điều kiện còn thiếu trong thời hạn 3 năm kể từ khi hết thời gian học tập để được xét tốt nghiệp. Nếu không hoàn thành, sinh viên sẽ được cấp chứng nhận các học phần đã tích lũy (tài liệu 2, mục 6).","Theo quy định của Trường Đại học Vinh (tài liệu 2, mục 5), sinh viên đã hết thời gian học tập tối đa nhưng chưa đủ điều kiện tốt nghiệp do còn nợ môn (chưa hoàn thành các học phần GDQP-AN, GDTC hoặc chưa đạt chuẩn đầu ra về ngoại ngữ, công nghệ thông tin, kỹ năng mềm) có thể được hoàn thiện các điều kiện còn thiếu trong thời hạn 3 năm kể từ khi hết thời gian học tập để được xét tốt nghiệp. Nếu không hoàn thành, sinh viên sẽ được cấp chứng nhận các học phần đã tích lũy (tài liệu 2, mục 6).",,,,,,,,,,,,,,,,,
Q038,có cho sinh viên thi lại nếu điểm thấp không?,Noise Area,"sinh viên thường được phép thi lại nếu điểm thi không đạt yêu cầu hoặc muốn cải thiện điểm số. Tuy nhiên, số lần thi lại và điều kiện cụ thể sẽ tùy thuộc vào quy chế đào tạo của từng trường. Đối với Trường Đại học Vinh, bạn nên tham khảo Quy chế đào tạo hiện hành của trường hoặc liên hệ trực tiếp với Phòng Đào tạo để biết thông tin chính xác về quy định thi lại. (Đây là câu trả lời chung vì tài liệu được cung cấp không đề cập cụ thể đến quy định thi lại).","Theo quy định chung của các trường đại học tại Việt Nam, sinh viên thường được phép thi lại nếu điểm thi không đạt yêu cầu hoặc muốn cải thiện điểm số. Tuy nhiên, số lần thi lại và điều kiện cụ thể sẽ tùy thuộc vào quy chế đào tạo của từng trường. Đối với Trường Đại học Vinh, bạn nên tham khảo Quy chế đào tạo hiện hành của trường hoặc liên hệ trực tiếp với Phòng Đào tạo để biết thông tin chính xác về quy định thi lại. (Đây là câu trả lời chung vì tài liệu được cung cấp không đề cập cụ thể đến quy định thi lại).",,,,,,,,,,,,,,,,,
Q039,có thể học 2 ngành cùng lúc tại trường không?,Noise Area,"Có thể, nhưng cần đáp ứng điều kiện về điểm số và thời gian học.","Có thể, nhưng cần đáp ứng điều kiện về điểm số và thời gian học.",,,,,,,,,,,,,,,,,
Q040,Nếu bị đình chỉ học thì có thể quay lại học không?,Noise Area,Cần làm đơn xin học lại và được trường xét duyệt.,Cần làm đơn xin học lại và được trường xét duyệt.,,,,,,,,,,,,,,,,,
Q041,Bao nhiêu tín chỉ thì được coi là học vượt?,Noise Area,"Thường trên 20 tín chỉ/kỳ, tùy vào chương trình đào tạo.","Theo quy định của Trường Đại học Vinh (tài liệu 9), để được xét học bổng KKHT mỗi học kỳ, sinh viên phải đăng ký và hoàn thành tối thiểu 14 tín chỉ. Tuy nhiên, tài liệu không đề cập cụ thể về số tín chỉ để được coi là học vượt. Thông thường ở các trường đại học, học vượt thường áp dụng khi sinh viên đăng ký vượt quá số tín chỉ tối đa quy định cho mỗi học kỳ (thường khoảng 18-22 tín chỉ/học kỳ). Để biết chính xác quy định về học vượt tại Trường Đại học Vinh, bạn nên tham khảo quy chế đào tạo hiện hành của trường.",,,,,,,,,,,,,,,,,
Q042,Nếu học hệ chất lượng cao thì có thể chuyển sang hệ đại trà không?,Noise Area,"Theo quy định chung của các trường đại học, việc chuyển đổi giữa các hệ đào tạo thường phụ thuộc vào điều kiện cụ thể của từng trường và phải được sự chấp thuận của nhà trường. Sinh viên cần liên hệ trực tiếp với Phòng Đào tạo của Trường Đại học Vinh để được hướng dẫn cụ thể về thủ tục và điều kiện chuyển đổi.","Hiện tại trong các tài liệu được cung cấp không có thông tin cụ thể về việc chuyển đổi giữa hệ chất lượng cao và hệ đại trà tại Trường Đại học Vinh. Theo quy định chung của các trường đại học, việc chuyển đổi giữa các hệ đào tạo thường phụ thuộc vào điều kiện cụ thể của từng trường và phải được sự chấp thuận của nhà trường. Sinh viên cần liên hệ trực tiếp với Phòng Đào tạo của Trường Đại học Vinh để được hướng dẫn cụ thể về thủ tục và điều kiện chuyển đổi.",,,,,,,,,,,,,,,,,
Q043,Nếu bị mất hồ sơ nhập học thì có thể xin cấp lại không?,Noise Area,"Phải liên hệ phòng đào tạo để được hướng dẫn cụ thể.
","Phải liên hệ phòng đào tạo để được hướng dẫn cụ thể.
",,,,,,,,,,,,,,,,,
Q044,Trường có chính sách hỗ trợ sinh viên có hoàn cảnh khó khăn không?,Noise Area,"Có, em liên hệ phòng công tác sinh viên để biết thêm chi tiết.
","Theo tài liệu cung cấp (Document 10), Trường Đại học Vinh có các chính sách hỗ trợ sinh viên như Học bổng chính sách (HBCS), Học bổng khuyến khích học tập (HBKKHT), Học bổng tài trợ (HBTT), Trợ cấp ưu đãi (TCƯĐ) và Trợ cấp xã hội (TCXH). Điều này cho thấy nhà trường có các chính sách hỗ trợ sinh viên có hoàn cảnh khó khăn. Để biết chi tiết cụ thể, sinh viên có thể tham khảo thêm trên trang web chính thức của trường.",,,,,,,,,,,,,,,,,
Q045,Nếu có chứng chỉ tiếng Anh quốc tế thì có thể miễn học ngoại ngữ không?,Noise Area,"Hiện tại trong các tài liệu được cung cấp không có thông tin cụ thể về việc miễn học ngoại ngữ khi có chứng chỉ tiếng Anh quốc tế tại Trường Đại học Vinh. Tuy nhiên, có chứng chỉ quốc tế đạt yêu cầu (như IELTS, TOEFL...) theo quy định cụ thể của từng trường. Bạn nên liên hệ trực tiếp với Phòng Đào tạo hoặc Khoa Ngoại ngữ của Trường Đại học Vinh để biết chính xác điều kiện và thủ tục miễn học phần.","Hiện tại trong các tài liệu được cung cấp không có thông tin cụ thể về việc miễn học ngoại ngữ khi có chứng chỉ tiếng Anh quốc tế tại Trường Đại học Vinh. Tuy nhiên, theo thông lệ chung ở các trường đại học tại Việt Nam, sinh viên có thể được miễn học phần ngoại ngữ nếu có chứng chỉ quốc tế đạt yêu cầu (như IELTS, TOEFL...) theo quy định cụ thể của từng trường. Bạn nên liên hệ trực tiếp với Phòng Đào tạo hoặc Khoa Ngoại ngữ của Trường Đại học Vinh để biết chính xác điều kiện và thủ tục miễn học phần.",,,,,,,,,,,,,,,,,
Q046,Học phí các ngành có chênh lệch nhiều không?,Noise Area,"Theo tài liệu từ Trường Đại học Vinh (năm học 2021-2022), học phí các ngành có sự chênh lệch như sau: 1. Các ngành sư phạm (như Sư phạm Toán, Ngữ văn, Lịch sử...): 290.000 đồng/tín chỉ 2. Ngành Quản lý giáo dục: 300.000 đồng/tín chỉ 3. Hệ Chất lượng cao: 3.000.000 đồng/tháng (không tính theo tín chỉ) Như vậy, sự chênh lệch học phí giữa các ngành thông thường không quá lớn (chỉ khoảng 10.000-50.000 đồng/tín chỉ), nhưng chênh lệch đáng kể giữa hệ đào tạo thông thường và hệ Chất lượng cao.","Theo tài liệu từ Trường Đại học Vinh (năm học 2021-2022), học phí các ngành có sự chênh lệch như sau: 1. Các ngành sư phạm (như Sư phạm Toán, Ngữ văn, Lịch sử...): 290.000 đồng/tín chỉ 2. Ngành Quản lý giáo dục: 300.000 đồng/tín chỉ 3. Hệ Chất lượng cao: 3.000.000 đồng/tháng (không tính theo tín chỉ) Như vậy, sự chênh lệch học phí giữa các ngành thông thường không quá lớn (chỉ khoảng 10.000-50.000 đồng/tín chỉ), nhưng chênh lệch đáng kể giữa hệ đào tạo thông thường và hệ Chất lượng cao.",,,,,,,,,,,,,,,,,
Q047,Khi nào trường tổ chức hội trại sinh viên?,Noise Area,Hiện tại trong các tài liệu được cung cấp không có thông tin cụ thể về thời gian tổ chức hội trại sinh viên tại Trường Đại học Vinh. vinhuni.edu.vn.,"Hiện tại trong các tài liệu được cung cấp không có thông tin cụ thể về thời gian tổ chức hội trại sinh viên tại Trường Đại học Vinh. Để biết lịch trình chính xác, bạn nên liên hệ trực tiếp với Phòng Công tác sinh viên của trường hoặc theo dõi thông báo chính thức trên website vinhuni.edu.vn.",,,,,,,,,,,,,,,,,
Q048,Nếu không đóng học phí đúng hạn thì có bị hủy môn đã đăng ký không?,Noise Area,Có thể bị hủy nếu quá thời hạn đóng học phí.,"Câu hỏi này không được đề cập cụ thể trong các tài liệu được cung cấp. Tuy nhiên, theo quy định chung của các trường đại học, nếu sinh viên không đóng học phí đúng hạn có thể bị xử lý theo quy định, bao gồm cả việc hủy môn đã đăng ký. Để biết chính xác quy định của Trường Đại học Vinh, bạn nên liên hệ trực tiếp với Phòng Đào tạo hoặc Phòng Kế toán của trường.",,,,,,,,,,,,,,,,,
Q049,Nếu muốn học thêm kỹ năng mềm thì trường có hỗ trợ không?,Noise Area,"Có các khóa học kỹ năng do nhà trường tổ chức.
","Có các khóa học kỹ năng do nhà trường tổ chức.
",,,,,,,,,,,,,,,,,
Q050,"Nếu bị điểm kém, có chính sách cảnh báo học tập không?",Noise Area,"Có, nếu GPA thấp dưới mức quy định sẽ bị cảnh báo.
","Theo quy định chung của các trường đại học (bao gồm cả Trường Đại học Vinh), khi sinh viên có kết quả học tập yếu kém thường sẽ nhận được cảnh báo học tập. Cụ thể: 1. Nếu điểm trung bình học kỳ dưới 2.0, sinh viên thường bị xếp vào diện cảnh báo học tập 2. Sau 2 học kỳ liên tiếp bị cảnh báo, sinh viên có thể bị buộc thôi học hoặc chuyển sang ngành học khác phù hợp hơn Tuy nhiên, trong các tài liệu được cung cấp không có thông tin chi tiết về chính sách cảnh báo học tập cụ thể của Trường Đại học Vinh. Bạn có thể liên hệ trực tiếp Phòng Đào tạo của trường để biết thêm chi tiết.",,,,,,,,,,,,,,,,,
Q051,Trường có chính sách hỗ trợ sinh viên khuyết tật không?,Noise Area,"dựa trên thông lệ chung của các trường đại học tại Việt Nam, Trường Đại học Vinh có thể có các chính sách hỗ trợ như: tạo điều kiện về cơ sở vật chất, miễn giảm học phí, hỗ trợ học tập... Để biết chi tiết, bạn nên liên hệ trực tiếp với Phòng Công tác sinh viên của trường.","Theo tài liệu cung cấp, không có thông tin cụ thể về chính sách hỗ trợ sinh viên khuyết tật tại Trường Đại học Vinh. Tuy nhiên, dựa trên thông lệ chung của các trường đại học tại Việt Nam, Trường Đại học Vinh có thể có các chính sách hỗ trợ như: tạo điều kiện về cơ sở vật chất, miễn giảm học phí, hỗ trợ học tập... Để biết chi tiết, bạn nên liên hệ trực tiếp với Phòng Công tác sinh viên của trường.",,,,,,,,,,,,,,,,,
Q052,Có giới hạn số lần học lại một môn không?,Noise Area,"Thông thường sinh viên được học lại một môn tối đa 2-3 lần tùy theo quy định cụ thể của từng trường. Để biết chính xác quy định của Trường Đại học Vinh, bạn nên tham khảo Quy chế đào tạo hiện hành của trường hoặc liên hệ trực tiếp với Phòng Đào tạo.","Thông tin về giới hạn số lần học lại một môn không được đề cập trong các tài liệu được cung cấp. Theo quy định chung của các trường đại học tại Việt Nam, thông thường sinh viên được học lại một môn tối đa 2-3 lần tùy theo quy định cụ thể của từng trường. Để biết chính xác quy định của Trường Đại học Vinh, bạn nên tham khảo Quy chế đào tạo hiện hành của trường hoặc liên hệ trực tiếp với Phòng Đào tạo.",,,,,,,,,,,,,,,,,
Q053,Nếu vi phạm quy chế thi lần đầu thì bị xử lý thế nào?,Noise Area,"nếu vi phạm quy chế thi lần đầu, sinh viên sẽ bị xử lý như sau: - Không vi phạm quy chế thi: được 2 điểm trong đánh giá ý thức. - Có biên bản xử lý kỷ luật từ mức khiển trách trở lên: không được tính điểm phần này. - Vi phạm các hình thức khác: mỗi lần vi phạm trừ 1 điểm. Mức kỷ luật cụ thể (khiển trách, cảnh cáo...) tùy thuộc vào tính chất vi phạm và sẽ do Hội đồng kỷ luật xem xét theo quy trình tại Document 2 & 3.","Theo tài liệu từ Cẩm nang HSSV năm 2021 của Trường Đại học Vinh (Document 10), nếu vi phạm quy chế thi lần đầu, sinh viên sẽ bị xử lý như sau: - Không vi phạm quy chế thi: được 2 điểm trong đánh giá ý thức. - Có biên bản xử lý kỷ luật từ mức khiển trách trở lên: không được tính điểm phần này. - Vi phạm các hình thức khác: mỗi lần vi phạm trừ 1 điểm. Mức kỷ luật cụ thể (khiển trách, cảnh cáo...) tùy thuộc vào tính chất vi phạm và sẽ do Hội đồng kỷ luật xem xét theo quy trình tại Document 2 & 3.",,,,,,,,,,,,,,,,,
Q054,"	Trường có hợp tác với doanh nghiệp để giới thiệu việc làm không?",Noise Area,"Có, em theo dõi thông báo từ trung tâm hỗ trợ sinh viên.
","Có, em theo dõi thông báo từ trung tâm hỗ trợ sinh viên.
",,,,,,,,,,,,,,,,,
Q055,Nếu muốn học liên thông lên thạc sĩ thì có điều kiện gì?,Noise Area,"Tại Trường Đại học Vinh, sinh viên có thể đổi lớp nếu bị trùng lịch học, nhưng cần tuân theo quy định của nhà trường. Thông thường, sinh viên cần liên hệ với Phòng Đào tạo hoặc giáo vụ khoa để được hướng dẫn thủ tục đổi lớp, đảm bảo lớp mới vẫn còn chỉ tiêu và phù hợp với chương trình học. Lưu ý: việc đổi lớp phải được thực hiện trong thời gian quy định của mỗi học kỳ.","Hiện tại trong các tài liệu được cung cấp không có thông tin cụ thể về điều kiện học liên thông lên thạc sĩ tại Trường Đại học Vinh. Theo quy định chung của các trường đại học tại Việt Nam, điều kiện thường bao gồm: tốt nghiệp đại học cùng ngành hoặc ngành gần, có bằng tốt nghiệp loại khá trở lên, và đáp ứng các yêu cầu tuyển sinh riêng của chương trình thạc sĩ. Để biết thông tin chính xác, bạn nên liên hệ trực tiếp với Phòng Đào tạo Sau đại học của Trường Đại học Vinh.",,,,,,,,,,,,,,,,,
Q056,Nếu bị trùng lịch học thì có thể đổi lớp không?,Noise Area,"Theo tài liệu từ Cẩm nang HSSV năm 2021 của Trường Đại học Vinh (Document 3), thẻ thư viện là một phần của thẻ tích hợp (bao gồm thẻ ngân hàng, thẻ thư viện và thẻ HSSV). Quy trình làm lại thẻ được đề cập tại Mục 11, Phần X của Cẩm nang. Để được cấp lại thẻ thư viện, sinh viên cần: 1. Liên hệ với Bộ phận một cửa hoặc Trợ lý QLSV của Khoa/Viện 2. Làm đơn xin cấp lại thẻ 3. Nộp lệ phí theo quy định (nếu có) Thời gian giải quyết thường là 10 ngày làm việc kể từ khi nhận đủ hồ sơ hợp lệ.","Tại Trường Đại học Vinh, sinh viên có thể đổi lớp nếu bị trùng lịch học, nhưng cần tuân theo quy định của nhà trường. Thông thường, sinh viên cần liên hệ với Phòng Đào tạo hoặc giáo vụ khoa để được hướng dẫn thủ tục đổi lớp, đảm bảo lớp mới vẫn còn chỉ tiêu và phù hợp với chương trình học. Lưu ý: việc đổi lớp phải được thực hiện trong thời gian quy định của mỗi học kỳ.",,,,,,,,,,,,,,,,,
Q057,Nếu bị mất thẻ thư viện thì làm sao để cấp lại?,Noise Area,"Theo tài liệu từ Cẩm nang HSSV năm 2021 của Trường Đại học Vinh (Document 3), thẻ thư viện là một phần của thẻ tích hợp (bao gồm thẻ ngân hàng, thẻ thư viện và thẻ HSSV). Quy trình làm lại thẻ được đề cập tại Mục 11, Phần X của Cẩm nang. Để cấp lại thẻ thư viện khi bị mất, sinh viên cần: 1. Liên hệ với Bộ phận một cửa hoặc Trợ lý QLSV của Khoa/Viện 2. Làm đơn xin cấp lại thẻ 3. Nộp lệ phí theo quy định (nếu có) Thời gian giải quyết thường là 10 ngày làm việc kể từ khi nộp đủ hồ sơ hợp lệ. Chi tiết cụ thể về hồ sơ và thủ tục có thể tham khảo thêm tại Mục 11, Phần X trong Cẩm nang HSSV.","Theo tài liệu từ Cẩm nang HSSV năm 2021 của Trường Đại học Vinh (Document 3), thẻ thư viện là một phần của thẻ tích hợp (bao gồm thẻ ngân hàng, thẻ thư viện và thẻ HSSV). Quy trình làm lại thẻ được đề cập tại Mục 11, Phần X của Cẩm nang. Để được cấp lại thẻ thư viện, sinh viên cần: 1. Liên hệ với Bộ phận một cửa hoặc Trợ lý QLSV của Khoa/Viện 2. Làm đơn xin cấp lại thẻ 3. Nộp lệ phí theo quy định (nếu có) Thời gian giải quyết thường là 10 ngày làm việc kể từ khi nhận đủ hồ sơ hợp lệ.",,,,,,,,,,,,,,,,,
Q058,Có thể chuyển ngành học sau năm nhất không?,Noise Area,"Thẻ thư viện là một phần của thẻ tích hợp (bao gồm thẻ ngân hàng, thẻ thư viện và thẻ HSSV). Quy trình làm lại thẻ được đề cập tại Mục 11, Phần X của Cẩm nang. Để cấp lại thẻ thư viện khi bị mất, sinh viên cần: 1. Liên hệ với Bộ phận một cửa hoặc Trợ lý QLSV của Khoa/Viện 2. Làm đơn xin cấp lại thẻ 3. Nộp lệ phí theo quy định (nếu có) Thời gian giải quyết thường là 10 ngày làm việc kể từ khi nộp đủ hồ sơ hợp lệ. Chi tiết cụ thể về hồ sơ và thủ tục có thể tham khảo thêm tại Mục 11, Phần X trong Cẩm nang HSSV.","Theo tài liệu từ Cẩm nang HSSV năm 2021 của Trường Đại học Vinh (Document 3), thẻ thư viện là một phần của thẻ tích hợp (bao gồm thẻ ngân hàng, thẻ thư viện và thẻ HSSV). Quy trình làm lại thẻ được đề cập tại Mục 11, Phần X của Cẩm nang. Để cấp lại thẻ thư viện khi bị mất, sinh viên cần: 1. Liên hệ với Bộ phận một cửa hoặc Trợ lý QLSV của Khoa/Viện 2. Làm đơn xin cấp lại thẻ 3. Nộp lệ phí theo quy định (nếu có) Thời gian giải quyết thường là 10 ngày làm việc kể từ khi nộp đủ hồ sơ hợp lệ. Chi tiết cụ thể về hồ sơ và thủ tục có thể tham khảo thêm tại Mục 11, Phần X trong Cẩm nang HSSV.",,,,,,,,,,,,,,,,,
Q059,Nếu vi phạm nội quy ký túc xá thì bị xử lý thế nào?,Noise Area," việc vi phạm nội quy ký túc xá (phòng ở) như làm hư hỏng tài sản, viết vẽ bậy lên tường/bàn ghế, xê dịch trang thiết bị không đúng quy định... sẽ bị xử lý theo quy định tại điểm 4d: ""Nghiêm cấm các hành vi phá hoại, trộm cắp tài sản công và tài sản của cá nhân khác"". Mức xử lý cụ thể tùy theo tính chất vi phạm, có thể bị trừ điểm rèn luyện (Document 8), khiển trách hoặc kỷ luật từ cảnh cáo trở lên (Document 10).","Theo tài liệu của Trường Đại học Vinh (Document 1), việc vi phạm nội quy ký túc xá (phòng ở) như làm hư hỏng tài sản, viết vẽ bậy lên tường/bàn ghế, xê dịch trang thiết bị không đúng quy định... sẽ bị xử lý theo quy định tại điểm 4d: ""Nghiêm cấm các hành vi phá hoại, trộm cắp tài sản công và tài sản của cá nhân khác"". Mức xử lý cụ thể tùy theo tính chất vi phạm, có thể bị trừ điểm rèn luyện (Document 8), khiển trách hoặc kỷ luật từ cảnh cáo trở lên (Document 10).",,,,,,,,,,,,,,,,,
Q060,Nếu làm khóa luận tốt nghiệp thì có được miễn thi tốt nghiệp không?,Noise Area,Không có quy định nào về việc miễn thi tốt nghiệp khi làm khóa luận tốt nghiệp. Khóa luận tốt nghiệp và thi tốt nghiệp là hai yêu cầu độc lập trong quá trình hoàn thành chương trình học. Sinh viên vẫn phải tham dự kỳ thi tốt nghiệp theo quy định của nhà trường ngay cả khi đã hoàn thành khóa luận.,"Theo thông tin từ Cẩm nang HSSV năm 2021 của Trường Đại học Vinh, không có quy định nào về việc miễn thi tốt nghiệp khi làm khóa luận tốt nghiệp. Khóa luận tốt nghiệp và thi tốt nghiệp là hai yêu cầu độc lập trong quá trình hoàn thành chương trình học. Sinh viên vẫn phải tham dự kỳ thi tốt nghiệp theo quy định của nhà trường ngay cả khi đã hoàn thành khóa luận.",,,,,,,,,,,,,,,,,
Q061,Trường Đại học Vinh thực hiện chương trình đào tạo theo hệ thống nào?,Gray Area,Trường Đại học Vinh thực hiện chương trình đào tạo (CTĐT) theo hệ thống tín chỉ cho tất cả các hình thức đào tạo.,"Trường Đại học Vinh thực hiện chương trình đào tạo theo hệ thống tín chỉ. Điều này được thể hiện qua các thông tin về số tín chỉ (Số TC) trong các học phần được liệt kê trong tài liệu, ví dụ như các học phần có số tín chỉ cụ thể (3 hoặc 4 tín chỉ).",,,,,,,,,,,,,,,,,
Q062,Chương trình đào tạo chính quy được thiết kế theo định hướng nào?,Gray Area,"Đối với hình thức đào tạo chính quy, CTĐT theo hệ thống tín chỉ được thiết kế theo định hướng tiếp cận CDIO.","Chương trình đào tạo chính quy tại Trường Đại học Vinh được thiết kế thành 02 nhóm bài học dựa trên chuẩn đầu ra của học phần: 1. **Nhóm bài học lý thuyết** (mức độ thấp: nhớ, hiểu, vận dụng theo thang Bloom) được giảng dạy trực tuyến trên hệ thống LMS. 2. **Nhóm bài học mức cao** (vận dụng, phân tích, đánh giá, sáng tạo) được tổ chức trải nghiệm thực tế tại lớp học, phòng thí nghiệm, cơ sở sản xuất hoặc trường phổ thông (đối với ngành sư phạm). Ngoài ra, chương trình sử dụng tín chỉ để tính khối lượng học tập, với 1 tín chỉ tương đương 15 giờ chuẩn giảng dạy lý thuyết. (Nguồn: Document 1 - Cam nang HSSV 2021)",,,,,,,,,,,,,,,,,
Q063,CTĐT được cấu trúc từ các khối học phần nào?,Gray Area,"CTĐT được cấu trúc từ các học phần tạo thành các khối: giáo dục đại cương, giáo dục chuyên nghiệp, khoa học cơ bản, cơ sở và cốt lõi ngành, thực tập và trải nghiệm.","CTĐT tại Trường Đại học Vinh được cấu trúc từ các khối học phần sau: giáo dục đại cương, giáo dục chuyên nghiệp, khoa học cơ bản, cơ sở và cốt lõi ngành, thực tập và trải nghiệm. (Theo tài liệu Cẩm nang HSSV năm 2021 của Trường Đại học Vinh).",,,,,,,,,,,,,,,,,
Q064,Thời gian thiết kế chuẩn cho CTĐT trình độ đại học hệ chính quy là bao lâu đối với ngành đào tạo cử nhân?,Gray Area,"Đối với hệ chính quy, thời gian thiết kế chuẩn cho CTĐT trình độ đại học là 4 năm đối với các ngành đào tạo cấp bằng cử nhân.","Theo quy định chung về đào tạo đại học hệ chính quy tại Việt Nam, thời gian thiết kế chuẩn cho chương trình đào tạo (CTĐT) trình độ đại học ngành cử nhân thường là 4 năm (8 học kỳ). Tuy nhiên, một số ngành đặc thù có thể có thời gian đào tạo dài hơn (5-6 năm). Đây là thông tin chung vì trong tài liệu cung cấp không đề cập cụ thể thời gian thiết kế CTĐT tại Trường Đại học Vinh.",,,,,,,,,,,,,,,,,
Q065,Thời gian thiết kế chuẩn cho CTĐT trình độ đại học hệ chính quy là bao lâu đối với ngành đào tạo kỹ sư?,Gray Area,"Đối với hệ chính quy, thời gian thiết kế chuẩn cho CTĐT trình độ đại học là 4,5 – 5 năm đối với các ngành đào tạo cấp bằng kỹ sư.","Đối với hệ chính quy, thời gian thiết kế chuẩn cho CTĐT trình độ đại học là 4,5 – 5 năm đối với các ngành đào tạo cấp bằng kỹ sư.",,,,,,,,,,,,,,,,,
Q066,Thời gian tối đa để sinh viên hoàn thành CTĐT không được vượt quá bao nhiêu lần thời gian theo kế hoạch học tập chuẩn toàn khóa?,Gray Area,"Thời gian tối đa để sinh viên hoàn thành CTĐT không được vượt quá 02 lần thời gian theo kế hoạch học tập chuẩn toàn khóa đối với mỗi hình thức đào tạo, được thiết kế cho CTĐT ngành/chuyên ngành đó.","Thời gian tối đa để sinh viên hoàn thành CTĐT không được vượt quá 02 lần thời gian theo kế hoạch học tập chuẩn toàn khóa đối với mỗi hình thức đào tạo, được thiết kế cho CTĐT ngành/chuyên ngành đó.",,,,,,,,,,,,,,,,,
Q067,Thời gian sinh viên nghỉ học tạm thời có được tính vào thời gian tối đa của khóa đào tạo không?,Gray Area,Thời gian sinh viên nghỉ học tạm thời và thời gian học ở trường khác khi chuyển về Trường Đại học Vinh (nếu có) đều được tính vào thời gian tối đa của khóa đào tạo.,Thời gian sinh viên nghỉ học tạm thời và thời gian học ở trường khác khi chuyển về Trường Đại học Vinh (nếu có) đều được tính vào thời gian tối đa của khóa đào tạo.,,,,,,,,,,,,,,,,,
Q068,Kế hoạch dạy - học trong từng năm học và từng học kỳ được thể hiện ở đâu?,Gray Area,"Kế hoạch dạy - học trong từng năm học và từng học kỳ được thể hiện ở ""Kế hoạch thời gian đào tạo năm học"" và ""Thời khóa biểu từng học kỳ"".","Kế hoạch dạy - học trong từng năm học và từng học kỳ được thể hiện ở ""Kế hoạch thời gian đào tạo năm học"" và ""Thời khóa biểu từng học kỳ"".",,,,,,,,,,,,,,,,,
Q069,Một năm học gồm mấy học kỳ chính?,Gray Area,Năm học gồm hai học kỳ chính (gọi là học kỳ I và học kỳ II).,Một năm học tại Trường Đại học Vinh thường gồm 2 học kỳ chính: học kỳ 1 và học kỳ 2. Đây là cấu trúc phổ biến ở hầu hết các trường đại học tại Việt Nam.,,,,,,,,,,,,,,,,,
Q070,Mỗi học kỳ chính có từ bao nhiêu tuần thực học và tuần thi?,Gray Area,Mỗi học kỳ chính có từ 12 – 15 tuần thực học và 3 tuần thi.,"Theo thông tin từ các tài liệu được cung cấp (cụ thể là các Document 1-10), mỗi học kỳ chính tại Trường Đại học Vinh có thời gian thực học từ tuần 23 đến tuần 29 và từ tuần 31 đến tuần 38 (tổng cộng 15 tuần thực học). Các tuần thi thường diễn ra sau tuần 38, nhưng tài liệu không đề cập cụ thể số tuần thi. Thông tin này dựa trên dữ liệu về ""Tuần học"" trong các lớp học phần được liệt kê, với định dạng chung: ""Tuần học: 23 -> 29, 31 -> 38"".",,,,,,,,,,,,,,,,,
Q071,Học kỳ phụ có ít nhất bao nhiêu tuần thực học và tuần thi?,Gray Area,Học kỳ phụ có ít nhất 5 tuần thực học và 1 tuần thi.,"Theo thông tin từ tài liệu 3 (cam_nang_hssv_nam_2021), học kỳ phụ tại Trường Đại học Vinh có ít nhất 5 tuần thực học và 1 tuần thi (trang 87). Tuy nhiên, nếu cần thông tin chi tiết hơn về từng chương trình cụ thể, bạn có thể tham khảo thêm các quy định hiện hành của trường.",,,,,,,,,,,,,,,,,
Q072,Nhà trường cung cấp cho sinh viên về kế hoạch mở lớp trước khi bắt đầu học kỳ bao lâu?,Gray Area,"Trước khi bắt đầu học kỳ ít nhất 2 tuần, Nhà trường cung cấp cho sinh viên về kế hoạch mở lớp, số lớp học dự kiến tổ chức cho mỗi học phần, thời khóa biểu và lịch đăng ký học của các lớp học phần trong học kỳ.","Trước khi bắt đầu học kỳ ít nhất 2 tuần, Nhà trường cung cấp cho sinh viên về kế hoạch mở lớp, số lớp học dự kiến tổ chức cho mỗi học phần, thời khóa biểu và lịch đăng ký học của các lớp học phần trong học kỳ.",,,,,,,,,,,,,,,,,
Q073,Thời lượng tổ chức dạy học trực tuyến tối đa bằng bao nhiêu % tổng thời lượng của CTĐT?,Gray Area,Thời lượng tổ chức dạy học trực tuyến tối đa bằng 30% tổng thời lượng của CTĐT.,"Theo quy định chung của Bộ Giáo dục và Đào tạo Việt Nam, thời lượng dạy học trực tuyến tối đa thường không vượt quá 30% tổng thời lượng của chương trình đào tạo (CTĐT)",,,,,,,,,,,,,,,,,
Q074,Học phần bắt buộc là gì?,Gray Area,Học phần bắt buộc là học phần chứa đựng những nội dung chính yếu của mỗi ngành và bắt buộc sinh viên phải tích lũy để tốt nghiệp.,"Học phần bắt buộc là những học phần sinh viên phải hoàn thành trong chương trình đào tạo (CTĐT) của mình, không thể thay thế bằng học phần khác. Theo tài liệu của Trường Đại học Vinh (Document 1), học phần Thực tập và đồ án tốt nghiệp là một ví dụ về học phần bắt buộc, yêu cầu tối thiểu 8 tín chỉ và áp dụng cho tất cả các CTĐT của trường.",,,,,,,,,,,,,,,,,
Q075,Học phần tự chọn là gì?,Gray Area,"Học phần tự chọn là học phần chứa đựng những nội dung cần thiết, nhưng sinh viên được tự chọn theo nguyện vọng cá nhân nhằm học tập chuyên sâu hoặc đa dạng hóa chuyên môn để tích lũy đủ số học phần quy định cho mỗi CTĐT.","Học phần tự chọn là các môn học mà sinh viên được lựa chọn theo sở thích hoặc định hướng chuyên ngành trong chương trình đào tạo của trường đại học. Tại Trường Đại học Vinh, học phần tự chọn thường nằm trong khung chương trình đào tạo của từng ngành học, giúp sinh viên mở rộng kiến thức hoặc chuyên sâu vào lĩnh vực cụ thể. Sinh viên cần tham khảo kế hoạch đào tạo của ngành mình để biết danh sách các học phần tự chọn được cung cấp.",,,,,,,,,,,,,,,,,
Q076,Học phần tiên quyết là gì?,Gray Area,"Học phần tiên quyết: học phần A là học phần tiên quyết đối với học phần B, khi đăng ký học phần B, sinh viên phải tích lũy đạt học phần A.",Học phần tiên quyết là học phần bắt buộc sinh viên phải hoàn thành trước khi được đăng ký học một học phần khác. Đây là điều kiện cần để đảm bảo sinh viên có kiến thức nền tảng trước khi học các môn học chuyên sâu hơn.,,,,,,,,,,,,,,,,,
Q077,Học phần học trước là gì?,Gray Area,"Học phần học trước: học phần A là học phần học trước của học phần B, khi đăng ký học phần B, sinh viên phải được xác định đã học xong học phần A (Sinh viên đã đăng ký học và tham gia học đầy đủ).","Học phần học trước là học phần mà sinh viên phải hoàn thành (đã đăng ký học và tham gia đầy đủ) trước khi được phép đăng ký học một học phần khác. Ví dụ: nếu học phần A là học phần học trước của học phần B, sinh viên phải học xong học phần A mới được đăng ký học phần B. (Theo tài liệu của Trường Đại học Vinh).",,,,,,,,,,,,,,,,,
Q078,Học phần thay thế là gì?,Gray Area,Học phần thay thế là học phần được sử dụng để thay thế cho một học phần khác có trong CTĐT cũ và hiện tại không còn tổ chức giảng dạy.,"học phần thay thế là học phần được nhà trường cho phép sinh viên học để thay thế cho một học phần bắt buộc trong chương trình đào tạo khi sinh viên không thể học/học lại học phần đó (do không còn mở lớp, thay đổi chương trình đào tạo...)",,,,,,,,,,,,,,,,,
Q079,Một tín chỉ được tính tương đương bao nhiêu giờ giảng dạy lý thuyết?,Gray Area,Một tín chỉ được tính tương đương 15 giờ chuẩn (sau đây viết tắt là giờ) giảng dạy lý thuyết,Một tín chỉ được tính tương đương 15 giờ giảng dạy lý thuyết.,,,,,,,,,,,,,,,,,
Q080,"Một tín chỉ được tính tương đương bao nhiêu giờ thực hành, thí nghiệm, thảo luận?",Gray Area,"Một tín chỉ được tính tương đương 30 giờ thực hành, thí nghiệm, thảo luận","một tín chỉ được tính tương đương với 30 giờ thực hành, thí nghiệm hoặc thảo luận.",,,,,,,,,,,,,,,,,
Q081,"Một tín chỉ được tính tương đương bao nhiêu giờ kiến tập, thực tập, thực tế, thực địa, đồ án tốt nghiệp?",Gray Area,"Một tín chỉ được tính tương đương 60 giờ kiến tập, thực tập, thực tế, thực địa, đồ án tốt nghiệp.","Một tín chỉ được tính tương đương 60 giờ kiến tập, thực tập, thực tế, thực địa, đồ án tốt nghiệp.",,,,,,,,,,,,,,,,,
Q082,"Để hoàn thành 1 tín chỉ đối với các học phần lý thuyết, thực hành, cần dành ít nhất bao nhiêu giờ tự học?",Gray Area,"Đối với các học phần lý thuyết, thực hành, để hoàn thành 1 tín chỉ cần dành ít nhất 30 giờ tự học.","Để hoàn thành 1 tín chỉ đối với các học phần lý thuyết, thực hành, cần dành ít nhất 30 giờ tự học. (Theo quy định từ tài liệu của Trường Đại học Vinh).",,,,,,,,,,,,,,,,,
Q083,Ai đăng ký học phần cho SV trong học kỳ đầu tiên của khóa học?,Gray Area,"Học kỳ đầu tiên của khóa học, Cố vấn học tập đăng ký học phần cho SV theo thời khóa biểu do Nhà trường bố trí sẵn cho từng lớp/khóa học.","Học kỳ đầu tiên của khóa học, Cố vấn học tập đăng ký học phần cho SV theo thời khóa biểu do Nhà trường bố trí sẵn cho từng lớp/khóa học.",,,,,,,,,,,,,,,,,
Q084,"Từ học kỳ thứ 2 trở đi, SV đăng ký học phần qua đâu?",Gray Area,"Từ học kỳ thứ 2 trở đi, SV chủ động lựa chọn và đăng ký các lớp học phần qua tài khoản SV trên hệ thống đăng ký học của Nhà trường.","Từ học kỳ thứ 2 trở đi, sinh viên chủ động lựa chọn và đăng ký các lớp học phần qua tài khoản sinh viên trên hệ thống đăng ký học của Nhà trường. (Theo tài liệu Cẩm nang HSSV năm 2021 của Trường Đại học Vinh).",,,,,,,,,,,,,,,,,
Q085,Khối lượng học tập tối thiểu SV cần đăng ký trong một học kỳ chính là bao nhiêu tín chỉ?,Gray Area,Khối lượng học tập SV cần đăng ký: Tối thiểu 14 tín chỉ trong một học kỳ chính.,Khối lượng học tập SV cần đăng ký: Tối thiểu 14 tín chỉ trong một học kỳ chính.,,,,,,,,,,,,,,,,,
Q086,"Việc xét khen thưởng, cấp học bổng cho SV được căn cứ vào đâu?",Gray Area,"Việc xét khen thưởng, cấp học bổng cho SV được căn cứ vào khối lượng học tập của SV tại thời điểm xét (tối thiểu 14 tín chỉ/học kỳ).","Việc xét khen thưởng và cấp học bổng cho sinh viên tại Trường Đại học Vinh được căn cứ vào các tiêu chí sau: 1. **Học bổng khuyến khích học tập (KKHT)**: - Đạt giải trong kỳ thi học sinh giỏi Tỉnh: Giải nhất (mức 3), giải nhì (mức 2), giải ba (mức 1). - Chứng chỉ IELTS: 8.0 trở lên (mức 3), 7.5 (mức 2), 7.0 (mức 1). - Điểm thi tuyển sinh hoặc quy đổi từ giải thưởng của học sinh tuyển thẳng (theo quy định hàng năm của trường). 2. **Khen thưởng**: - Xét theo đề nghị từ Trường/Viện/Khoa, thông qua Hội đồng khen thưởng - kỷ luật của trường và được Hiệu trưởng phê duyệt. - Thành tích đặc biệt trong học tập, rèn luyện (tối đa 10 điểm), bao gồm: + Ý thức, thái độ trong công tác quản lý lớp/đoàn thể (03 điểm). + Kỹ năng tổ chức (04 điểm). + Tham gia hoạt động chung của trường (03 điểm). - Giấy khen từ cấp trường trở lên được tính 10 điểm. 3. **Mức học bổng** (năm 2021-2022): - Mức 1: 400.000đ (bằng trần học phí/học kỳ). - Mức 2: 440.000đ (+10% so mức 1). - Mức 3: 505.000đ (+15% so mức 2). (Nguồn: Cẩm nang HSSV 2021 của Trường Đại học Vinh)",,,,,,,,,,,,,,,,,
Q087,Sinh viên phải học lại học phần nếu bị điểm gì?,Gray Area,Sinh viên phải học lại học phần nếu: - Học phần bị điểm F.,"Theo quy định tại Document 2 (cam_nang_hssv_nam_2021), sinh viên sẽ phải học lại học phần nếu bị điểm F (điểm trượt) cho học phần đó. Điểm F được áp dụng trong các trường hợp: - Bị đình chỉ thi học phần đó - Bài thi chép từ tài liệu trái phép - Bài thi có chữ viết của hai người trở lên - Viết bài thi trên giấy nháp/giấy không đúng quy định",,,,,,,,,,,,,,,,,
Q088,Sinh viên được học cải thiện điểm đối với các học phần đạt điểm gì?,Gray Area,"Sinh viên được học cải thiện điểm đối với các học phần đạt điểm D, D+, C.","Sinh viên được học cải thiện điểm đối với các học phần đạt điểm D, D+, C.",,,,,,,,,,,,,,,,,
Q089,Học phần Thực tập và đồ án tốt nghiệp có tối thiểu bao nhiêu tín chỉ?,Gray Area,"Hoạt động thực tập tốt nghiệp và đồ án tốt nghiệp được thiết kế thành học phần Thực tập và đồ án tốt nghiệp, có tối thiểu 8 tín chỉ","Học phần Thực tập và đồ án tốt nghiệp tại Trường Đại học Vinh có tối thiểu 8 tín chỉ, tối đa 12 tín chỉ theo quy định trong tài liệu.",,,,,,,,,,,,,,,,,
Q090,Học phần Thực tập và đồ án tốt nghiệp có tối đa bao nhiêu tín chỉ?,Gray Area,"Hoạt động thực tập tốt nghiệp và đồ án tốt nghiệp được thiết kế thành học phần Thực tập và đồ án tốt nghiệp, [...] tối đa 12 tín chỉ","Học phần Thực tập và đồ án tốt nghiệp tại Trường Đại học Vinh có tối đa 12 tín chỉ, theo quy định trong tài liệu (Document 1).",,,,,,,,,,,,,,,,,
Q091,"Mã học phần của lớp ""Trí tuệ nhân tạo"" LT_04 là gì?",Gray Area,INF20007,Mã học phần là INF20007,,,,,,,,,,,,,,,,,
Q092,"Lớp ""Phân tích và thiết kế hướng đối tượng"" LT_01 CNTT-CLC có số tín chỉ là bao nhiêu?",Gray Area,4,"Lớp ""Phân tích và thiết kế hướng đối tượng"" LT_01 CNTT-CLC có số tín chỉ là 4.",,,,,,,,,,,,,,,,,
Q093,"Khoá học của lớp ""Phát triển ứng dụng với mã nguồn mở"" LT_02 là khóa mấy?",Gray Area,K63,"Khóa học của lớp ""Phát triển ứng dụng với mã nguồn mở"" LT_02 là khóa K63.",,,,,,,,,,,,,,,,,
Q094,"Địa điểm học của lớp ""Trí tuệ nhân tạo"" LT_04 là phòng nào?",Gray Area,P.HLT_KT CN202,P.HLT_KT CN202,,,,,,,,,,,,,,,,,
Q095,"Ai là giảng viên của lớp ""Trí tuệ nhân tạo""?",Gray Area,Võ Đức Quang,"Giảng viên của lớp ""Trí tuệ nhân tạo"" là Võ Đức Quang.",,,,,,,,,,,,,,,,,
Q096,"Lớp ""An toàn phần mềm"" TC-KT PM có số SV dự kiến là bao nhiêu?",Gray Area,24,cho phép có 24 sinh viên,,,,,,,,,,,,,,,,,
Q097,"Thứ mấy lớp ""Phát triển ứng dụng với mã nguồn mở"" LT_02 TH_02 được học?",Gray Area,3,"Lớp ""Phát triển ứng dụng với mã nguồn mở"" LT_02 TH_02 được học vào **Thứ 3**, theo thông tin từ Document 4.",,,,,,,,,,,,,,,,,
Q098,"Từ ngày nào lớp ""Trí tuệ nhân tạo"" LT_04 bắt đầu học?",Gray Area,45695,"Lớp ""Trí tuệ nhân tạo"" LT_04 bắt đầu học từ ngày 07/02/2025.",,,,,,,,,,,,,,,,,
Q099,"Khoa/Viện nào quản lý lớp ""An toàn phần mềm""?",Gray Area,Kỹ thuật - Công nghệ,Quản lý bởi Viện Kỹ thuật - Công nghệ,,,,,,,,,,,,,,,,,
Q100,"Hình thức học của lớp ""Phân tích và thiết kế hướng đối tượng"" H_01 là gì?",Gray Area,TH/TN,"Hình thức học của lớp ""Phân tích và thiết kế hướng đối tượng"" LT_01 là LT (Lý thuyết) và các lớp TH_01, TH_02 là TH/TN (Thực hành/Thí nghiệm).",,,,,,,,,,,,,,,,,
,,,,,,,,,,,,,,,,,,,,,
,,,,,,,,,,,,,,,,,,,,,
,,,,,,,,,,,,,,,,,,,,,
,,,,,,,,,,,,,,,,,,,,,
,,,,,,,,,,,,,,,,,,,,,
,,,,,,,,,,,,,,,,,,,,,
,,,,,,,,,,,,,,,,,,,,,
,,,,,,,,,,,,,,,,,,,,,
,,,,,,,,,,,,,,,,,,,,,
,,,,,,,,,,,,,,,,,,,,,
,,,,,,,,,,,,,,,,,,,,,
,,,,,,,,,,,,,,,,,,,,,
,,,,,,,,,,,,,,,,,,,,,
,,,,,,,,,,,,,,,,,,,,,
,,,,,,,,,,,,,,,,,,,,,
,,,,,,,,,,,,,,,,,,,,,
,,,,,,,,,,,,,,,,,,,,,
,,,,,,,,,,,,,,,,,,,,,
,,,,,,,,,,,,,,,,,,,,,
,,,,,,,,,,,,,,,,,,,,,
,,,,,,,,,,,,,,,,,,,,,
,,,,,,,,,,,,,,,,,,,,,
,,,,,,,,,,,,,,,,,,,,,
,,,,,,,,,,,,,,,,,,,,,
,,,,,,,,,,,,,,,,,,,,,
,,,,,,,,,,,,,,,,,,,,,
,,,,,,,,,,,,,,,,,,,,,
,,,,,,,,,,,,,,,,,,,,,
,,,,,,,,,,,,,,,,,,,,,
,,,,,,,,,,,,,,,,,,,,,
,,,,,,,,,,,,,,,,,,,,,
,,,,,,,,,,,,,,,,,,,,,
,,,,,,,,,,,,,,,,,,,,,
,,,,,,,,,,,,,,,,,,,,,
,,,,,,,,,,,,,,,,,,,,,
,,,,,,,,,,,,,,,,,,,,,
,,,,,,,,,,,,,,,,,,,,,
,,,,,,,,,,,,,,,,,,,,,
,,,,,,,,,,,,,,,,,,,,,
,,,,,,,,,,,,,,,,,,,,,
,,,,,,,,,,,,,,,,,,,,,
,,,,,,,,,,,,,,,,,,,,,
,,,,,,,,,,,,,,,,,,,,,
,,,,,,,,,,,,,,,,,,,,,
,,,,,,,,,,,,,,,,,,,,,
,,,,,,,,,,,,,,,,,,,,,
,,,,,,,,,,,,,,,,,,,,,
,,,,,,,,,,,,,,,,,,,,,
,,,,,,,,,,,,,,,,,,,,,
,,,,,,,,,,,,,,,,,,,,,
,,,,,,,,,,,,,,,,,,,,,
,,,,,,,,,,,,,,,,,,,,,
,,,,,,,,,,,,,,,,,,,,,
,,,,,,,,,,,,,,,,,,,,,
,,,,,,,,,,,,,,,,,,,,,
,,,,,,,,,,,,,,,,,,,,,
,,,,,,,,,,,,,,,,,,,,,
,,,,,,,,,,,,,,,,,,,,,
,,,,,,,,,,,,,,,,,,,,,
,,,,,,,,,,,,,,,,,,,,,
,,,,,,,,,,,,,,,,,,,,,
,,,,,,,,,,,,,,,,,,,,,
,,,,,,,,,,,,,,,,,,,,,
,,,,,,,,,,,,,,,,,,,,,
,,,,,,,,,,,,,,,,,,,,,
,,,,,,,,,,,,,,,,,,,,,
,,,,,,,,,,,,,,,,,,,,,
,,,,,,,,,,,,,,,,,,,,,
,,,,,,,,,,,,,,,,,,,,,
,,,,,,,,,,,,,,,,,,,,,
,,,,,,,,,,,,,,,,,,,,,
,,,,,,,,,,,,,,,,,,,,,
,,,,,,,,,,,,,,,,,,,,,
,,,,,,,,,,,,,,,,,,,,,
,,,,,,,,,,,,,,,,,,,,,
,,,,,,,,,,,,,,,,,,,,,
,,,,,,,,,,,,,,,,,,,,,
,,,,,,,,,,,,,,,,,,,,,
,,,,,,,,,,,,,,,,,,,,,
,,,,,,,,,,,,,,,,,,,,,
,,,,,,,,,,,,,,,,,,,,,
,,,,,,,,,,,,,,,,,,,,,
,,,,,,,,,,,,,,,,,,,,,
,,,,,,,,,,,,,,,,,,,,,
,,,,,,,,,,,,,,,,,,,,,
,,,,,,,,,,,,,,,,,,,,,
,,,,,,,,,,,,,,,,,,,,,
,,,,,,,,,,,,,,,,,,,,,
,,,,,,,,,,,,,,,,,,,,,
,,,,,,,,,,,,,,,,,,,,,
,,,,,,,,,,,,,,,,,,,,,
,,,,,,,,,,,,,,,,,,,,,
,,,,,,,,,,,,,,,,,,,,,
,,,,,,,,,,,,,,,,,,,,,
,,,,,,,,,,,,,,,,,,,,,
,,,,,,,,,,,,,,,,,,,,,
,,,,,,,,,,,,,,,,,,,,,
,,,,,,,,,,,,,,,,,,,,,
,,,,,,,,,,,,,,,,,,,,,
,,,,,,,,,,,,,,,,,,,,,
,,,,,,,,,,,,,,,,,,,,,
,,,,,,,,,,,,,,,,,,,,,
,,,,,,,,,,,,,,,,,,,,,
,,,,,,,,,,,,,,,,,,,,,
,,,,,,,,,,,,,,,,,,,,,
,,,,,,,,,,,,,,,,,,,,,
,,,,,,,,,,,,,,,,,,,,,
,,,,,,,,,,,,,,,,,,,,,
,,,,,,,,,,,,,,,,,,,,,
,,,,,,,,,,,,,,,,,,,,,
,,,,,,,,,,,,,,,,,,,,,
,,,,,,,,,,,,,,,,,,,,,
,,,,,,,,,,,,,,,,,,,,,
,,,,,,,,,,,,,,,,,,,,,
,,,,,,,,,,,,,,,,,,,,,
,,,,,,,,,,,,,,,,,,,,,
,,,,,,,,,,,,,,,,,,,,,
,,,,,,,,,,,,,,,,,,,,,
,,,,,,,,,,,,,,,,,,,,,
,,,,,,,,,,,,,,,,,,,,,
,,,,,,,,,,,,,,,,,,,,,
,,,,,,,,,,,,,,,,,,,,,
,,,,,,,,,,,,,,,,,,,,,
,,,,,,,,,,,,,,,,,,,,,
,,,,,,,,,,,,,,,,,,,,,
,,,,,,,,,,,,,,,,,,,,,
,,,,,,,,,,,,,,,,,,,,,
,,,,,,,,,,,,,,,,,,,,,
,,,,,,,,,,,,,,,,,,,,,
,,,,,,,,,,,,,,,,,,,,,
,,,,,,,,,,,,,,,,,,,,,
,,,,,,,,,,,,,,,,,,,,,
,,,,,,,,,,,,,,,,,,,,,
,,,,,,,,,,,,,,,,,,,,,
,,,,,,,,,,,,,,,,,,,,,
,,,,,,,,,,,,,,,,,,,,,
,,,,,,,,,,,,,,,,,,,,,
,,,,,,,,,,,,,,,,,,,,,
,,,,,,,,,,,,,,,,,,,,,
,,,,,,,,,,,,,,,,,,,,,
,,,,,,,,,,,,,,,,,,,,,
,,,,,,,,,,,,,,,,,,,,,
,,,,,,,,,,,,,,,,,,,,,
,,,,,,,,,,,,,,,,,,,,,
,,,,,,,,,,,,,,,,,,,,,
,,,,,,,,,,,,,,,,,,,,,
,,,,,,,,,,,,,,,,,,,,,
,,,,,,,,,,,,,,,,,,,,,
,,,,,,,,,,,,,,,,,,,,,
,,,,,,,,,,,,,,,,,,,,,
,,,,,,,,,,,,,,,,,,,,,
,,,,,,,,,,,,,,,,,,,,,
,,,,,,,,,,,,,,,,,,,,,
,,,,,,,,,,,,,,,,,,,,,
,,,,,,,,,,,,,,,,,,,,,
,,,,,,,,,,,,,,,,,,,,,
,,,,,,,,,,,,,,,,,,,,,
,,,,,,,,,,,,,,,,,,,,,
,,,,,,,,,,,,,,,,,,,,,
,,,,,,,,,,,,,,,,,,,,,
,,,,,,,,,,,,,,,,,,,,,
,,,,,,,,,,,,,,,,,,,,,
,,,,,,,,,,,,,,,,,,,,,
,,,,,,,,,,,,,,,,,,,,,
,,,,,,,,,,,,,,,,,,,,,
,,,,,,,,,,,,,,,,,,,,,
,,,,,,,,,,,,,,,,,,,,,
,,,,,,,,,,,,,,,,,,,,,
,,,,,,,,,,,,,,,,,,,,,
,,,,,,,,,,,,,,,,,,,,,
,,,,,,,,,,,,,,,,,,,,,
,,,,,,,,,,,,,,,,,,,,,
,,,,,,,,,,,,,,,,,,,,,
,,,,,,,,,,,,,,,,,,,,,
,,,,,,,,,,,,,,,,,,,,,
,,,,,,,,,,,,,,,,,,,,,
,,,,,,,,,,,,,,,,,,,,,
,,,,,,,,,,,,,,,,,,,,,
,,,,,,,,,,,,,,,,,,,,,
,,,,,,,,,,,,,,,,,,,,,
,,,,,,,,,,,,,,,,,,,,,
,,,,,,,,,,,,,,,,,,,,,
,,,,,,,,,,,,,,,,,,,,,
,,,,,,,,,,,,,,,,,,,,,
,,,,,,,,,,,,,,,,,,,,,
,,,,,,,,,,,,,,,,,,,,,
,,,,,,,,,,,,,,,,,,,,,
,,,,,,,,,,,,,,,,,,,,,
,,,,,,,,,,,,,,,,,,,,,
,,,,,,,,,,,,,,,,,,,,,
,,,,,,,,,,,,,,,,,,,,,
,,,,,,,,,,,,,,,,,,,,,
,,,,,,,,,,,,,,,,,,,,,
,,,,,,,,,,,,,,,,,,,,,
,,,,,,,,,,,,,,,,,,,,,
,,,,,,,,,,,,,,,,,,,,,
,,,,,,,,,,,,,,,,,,,,,
,,,,,,,,,,,,,,,,,,,,,
,,,,,,,,,,,,,,,,,,,,,
,,,,,,,,,,,,,,,,,,,,,
,,,,,,,,,,,,,,,,,,,,,
,,,,,,,,,,,,,,,,,,,,,
,,,,,,,,,,,,,,,,,,,,,
,,,,,,,,,,,,,,,,,,,,,
,,,,,,,,,,,,,,,,,,,,,
,,,,,,,,,,,,,,,,,,,,,
,,,,,,,,,,,,,,,,,,,,,
,,,,,,,,,,,,,,,,,,,,,
,,,,,,,,,,,,,,,,,,,,,
,,,,,,,,,,,,,,,,,,,,,
,,,,,,,,,,,,,,,,,,,,,
,,,,,,,,,,,,,,,,,,,,,
,,,,,,,,,,,,,,,,,,,,,
,,,,,,,,,,,,,,,,,,,,,
,,,,,,,,,,,,,,,,,,,,,
,,,,,,,,,,,,,,,,,,,,,
,,,,,,,,,,,,,,,,,,,,,
,,,,,,,,,,,,,,,,,,,,,
,,,,,,,,,,,,,,,,,,,,,
,,,,,,,,,,,,,,,,,,,,,
,,,,,,,,,,,,,,,,,,,,,
,,,,,,,,,,,,,,,,,,,,,
,,,,,,,,,,,,,,,,,,,,,
,,,,,,,,,,,,,,,,,,,,,
,,,,,,,,,,,,,,,,,,,,,
,,,,,,,,,,,,,,,,,,,,,
,,,,,,,,,,,,,,,,,,,,,
,,,,,,,,,,,,,,,,,,,,,
,,,,,,,,,,,,,,,,,,,,,
,,,,,,,,,,,,,,,,,,,,,
,,,,,,,,,,,,,,,,,,,,,
,,,,,,,,,,,,,,,,,,,,,
,,,,,,,,,,,,,,,,,,,,,
,,,,,,,,,,,,,,,,,,,,,
,,,,,,,,,,,,,,,,,,,,,
,,,,,,,,,,,,,,,,,,,,,
,,,,,,,,,,,,,,,,,,,,,
,,,,,,,,,,,,,,,,,,,,,
,,,,,,,,,,,,,,,,,,,,,
,,,,,,,,,,,,,,,,,,,,,
,,,,,,,,,,,,,,,,,,,,,
,,,,,,,,,,,,,,,,,,,,,
,,,,,,,,,,,,,,,,,,,,,
,,,,,,,,,,,,,,,,,,,,,
,,,,,,,,,,,,,,,,,,,,,
,,,,,,,,,,,,,,,,,,,,,
,,,,,,,,,,,,,,,,,,,,,
,,,,,,,,,,,,,,,,,,,,,
,,,,,,,,,,,,,,,,,,,,,
,,,,,,,,,,,,,,,,,,,,,
,,,,,,,,,,,,,,,,,,,,,
,,,,,,,,,,,,,,,,,,,,,
,,,,,,,,,,,,,,,,,,,,,
,,,,,,,,,,,,,,,,,,,,,
,,,,,,,,,,,,,,,,,,,,,
,,,,,,,,,,,,,,,,,,,,,
,,,,,,,,,,,,,,,,,,,,,
,,,,,,,,,,,,,,,,,,,,,
,,,,,,,,,,,,,,,,,,,,,
,,,,,,,,,,,,,,,,,,,,,
,,,,,,,,,,,,,,,,,,,,,
,,,,,,,,,,,,,,,,,,,,,
,,,,,,,,,,,,,,,,,,,,,
,,,,,,,,,,,,,,,,,,,,,
,,,,,,,,,,,,,,,,,,,,,
,,,,,,,,,,,,,,,,,,,,,
,,,,,,,,,,,,,,,,,,,,,
,,,,,,,,,,,,,,,,,,,,,
,,,,,,,,,,,,,,,,,,,,,
,,,,,,,,,,,,,,,,,,,,,
,,,,,,,,,,,,,,,,,,,,,
,,,,,,,,,,,,,,,,,,,,,
,,,,,,,,,,,,,,,,,,,,,
,,,,,,,,,,,,,,,,,,,,,
,,,,,,,,,,,,,,,,,,,,,
,,,,,,,,,,,,,,,,,,,,,
,,,,,,,,,,,,,,,,,,,,,
,,,,,,,,,,,,,,,,,,,,,
,,,,,,,,,,,,,,,,,,,,,
,,,,,,,,,,,,,,,,,,,,,
,,,,,,,,,,,,,,,,,,,,,
,,,,,,,,,,,,,,,,,,,,,
,,,,,,,,,,,,,,,,,,,,,
,,,,,,,,,,,,,,,,,,,,,
,,,,,,,,,,,,,,,,,,,,,
,,,,,,,,,,,,,,,,,,,,,
,,,,,,,,,,,,,,,,,,,,,
,,,,,,,,,,,,,,,,,,,,,
,,,,,,,,,,,,,,,,,,,,,
,,,,,,,,,,,,,,,,,,,,,
,,,,,,,,,,,,,,,,,,,,,
,,,,,,,,,,,,,,,,,,,,,
,,,,,,,,,,,,,,,,,,,,,
,,,,,,,,,,,,,,,,,,,,,
,,,,,,,,,,,,,,,,,,,,,
,,,,,,,,,,,,,,,,,,,,,
,,,,,,,,,,,,,,,,,,,,,
,,,,,,,,,,,,,,,,,,,,,
,,,,,,,,,,,,,,,,,,,,,
,,,,,,,,,,,,,,,,,,,,,
,,,,,,,,,,,,,,,,,,,,,
,,,,,,,,,,,,,,,,,,,,,
,,,,,,,,,,,,,,,,,,,,,
,,,,,,,,,,,,,,,,,,,,,
,,,,,,,,,,,,,,,,,,,,,
,,,,,,,,,,,,,,,,,,,,,
,,,,,,,,,,,,,,,,,,,,,
,,,,,,,,,,,,,,,,,,,,,
,,,,,,,,,,,,,,,,,,,,,
,,,,,,,,,,,,,,,,,,,,,
,,,,,,,,,,,,,,,,,,,,,
,,,,,,,,,,,,,,,,,,,,,
,,,,,,,,,,,,,,,,,,,,,
,,,,,,,,,,,,,,,,,,,,,
,,,,,,,,,,,,,,,,,,,,,
,,,,,,,,,,,,,,,,,,,,,
,,,,,,,,,,,,,,,,,,,,,
,,,,,,,,,,,,,,,,,,,,,
,,,,,,,,,,,,,,,,,,,,,
,,,,,,,,,,,,,,,,,,,,,
,,,,,,,,,,,,,,,,,,,,,
,,,,,,,,,,,,,,,,,,,,,
,,,,,,,,,,,,,,,,,,,,,
,,,,,,,,,,,,,,,,,,,,,
,,,,,,,,,,,,,,,,,,,,,
,,,,,,,,,,,,,,,,,,,,,
,,,,,,,,,,,,,,,,,,,,,
,,,,,,,,,,,,,,,,,,,,,
,,,,,,,,,,,,,,,,,,,,,
,,,,,,,,,,,,,,,,,,,,,
,,,,,,,,,,,,,,,,,,,,,
,,,,,,,,,,,,,,,,,,,,,
,,,,,,,,,,,,,,,,,,,,,
,,,,,,,,,,,,,,,,,,,,,
,,,,,,,,,,,,,,,,,,,,,
,,,,,,,,,,,,,,,,,,,,,
,,,,,,,,,,,,,,,,,,,,,
,,,,,,,,,,,,,,,,,,,,,
,,,,,,,,,,,,,,,,,,,,,
,,,,,,,,,,,,,,,,,,,,,
,,,,,,,,,,,,,,,,,,,,,
,,,,,,,,,,,,,,,,,,,,,
,,,,,,,,,,,,,,,,,,,,,
,,,,,,,,,,,,,,,,,,,,,
,,,,,,,,,,,,,,,,,,,,,
,,,,,,,,,,,,,,,,,,,,,
,,,,,,,,,,,,,,,,,,,,,
,,,,,,,,,,,,,,,,,,,,,
,,,,,,,,,,,,,,,,,,,,,
,,,,,,,,,,,,,,,,,,,,,
,,,,,,,,,,,,,,,,,,,,,
,,,,,,,,,,,,,,,,,,,,,
,,,,,,,,,,,,,,,,,,,,,
,,,,,,,,,,,,,,,,,,,,,
,,,,,,,,,,,,,,,,,,,,,
,,,,,,,,,,,,,,,,,,,,,
,,,,,,,,,,,,,,,,,,,,,
,,,,,,,,,,,,,,,,,,,,,
,,,,,,,,,,,,,,,,,,,,,
,,,,,,,,,,,,,,,,,,,,,
,,,,,,,,,,,,,,,,,,,,,
,,,,,,,,,,,,,,,,,,,,,
,,,,,,,,,,,,,,,,,,,,,
,,,,,,,,,,,,,,,,,,,,,
,,,,,,,,,,,,,,,,,,,,,
,,,,,,,,,,,,,,,,,,,,,
,,,,,,,,,,,,,,,,,,,,,
,,,,,,,,,,,,,,,,,,,,,
,,,,,,,,,,,,,,,,,,,,,
,,,,,,,,,,,,,,,,,,,,,
,,,,,,,,,,,,,,,,,,,,,
,,,,,,,,,,,,,,,,,,,,,
,,,,,,,,,,,,,,,,,,,,,
,,,,,,,,,,,,,,,,,,,,,
,,,,,,,,,,,,,,,,,,,,,
,,,,,,,,,,,,,,,,,,,,,
,,,,,,,,,,,,,,,,,,,,,
,,,,,,,,,,,,,,,,,,,,,
,,,,,,,,,,,,,,,,,,,,,
,,,,,,,,,,,,,,,,,,,,,
,,,,,,,,,,,,,,,,,,,,,
,,,,,,,,,,,,,,,,,,,,,
,,,,,,,,,,,,,,,,,,,,,
,,,,,,,,,,,,,,,,,,,,,
,,,,,,,,,,,,,,,,,,,,,
,,,,,,,,,,,,,,,,,,,,,
,,,,,,,,,,,,,,,,,,,,,
,,,,,,,,,,,,,,,,,,,,,
,,,,,,,,,,,,,,,,,,,,,
,,,,,,,,,,,,,,,,,,,,,
,,,,,,,,,,,,,,,,,,,,,
,,,,,,,,,,,,,,,,,,,,,
,,,,,,,,,,,,,,,,,,,,,
,,,,,,,,,,,,,,,,,,,,,
,,,,,,,,,,,,,,,,,,,,,
,,,,,,,,,,,,,,,,,,,,,
,,,,,,,,,,,,,,,,,,,,,
,,,,,,,,,,,,,,,,,,,,,
,,,,,,,,,,,,,,,,,,,,,
,,,,,,,,,,,,,,,,,,,,,
,,,,,,,,,,,,,,,,,,,,,
,,,,,,,,,,,,,,,,,,,,,
,,,,,,,,,,,,,,,,,,,,,
,,,,,,,,,,,,,,,,,,,,,
,,,,,,,,,,,,,,,,,,,,,
,,,,,,,,,,,,,,,,,,,,,
,,,,,,,,,,,,,,,,,,,,,
,,,,,,,,,,,,,,,,,,,,,
,,,,,,,,,,,,,,,,,,,,,
,,,,,,,,,,,,,,,,,,,,,
,,,,,,,,,,,,,,,,,,,,,
,,,,,,,,,,,,,,,,,,,,,
,,,,,,,,,,,,,,,,,,,,,
,,,,,,,,,,,,,,,,,,,,,
,,,,,,,,,,,,,,,,,,,,,
,,,,,,,,,,,,,,,,,,,,,
,,,,,,,,,,,,,,,,,,,,,
,,,,,,,,,,,,,,,,,,,,,
,,,,,,,,,,,,,,,,,,,,,
,,,,,,,,,,,,,,,,,,,,,
,,,,,,,,,,,,,,,,,,,,,
,,,,,,,,,,,,,,,,,,,,,
,,,,,,,,,,,,,,,,,,,,,
,,,,,,,,,,,,,,,,,,,,,
,,,,,,,,,,,,,,,,,,,,,
,,,,,,,,,,,,,,,,,,,,,
,,,,,,,,,,,,,,,,,,,,,
,,,,,,,,,,,,,,,,,,,,,
,,,,,,,,,,,,,,,,,,,,,
,,,,,,,,,,,,,,,,,,,,,
,,,,,,,,,,,,,,,,,,,,,
,,,,,,,,,,,,,,,,,,,,,
,,,,,,,,,,,,,,,,,,,,,
,,,,,,,,,,,,,,,,,,,,,
,,,,,,,,,,,,,,,,,,,,,
,,,,,,,,,,,,,,,,,,,,,
,,,,,,,,,,,,,,,,,,,,,
,,,,,,,,,,,,,,,,,,,,,
,,,,,,,,,,,,,,,,,,,,,
,,,,,,,,,,,,,,,,,,,,,
,,,,,,,,,,,,,,,,,,,,,
,,,,,,,,,,,,,,,,,,,,,
,,,,,,,,,,,,,,,,,,,,,
,,,,,,,,,,,,,,,,,,,,,
,,,,,,,,,,,,,,,,,,,,,
,,,,,,,,,,,,,,,,,,,,,
,,,,,,,,,,,,,,,,,,,,,
,,,,,,,,,,,,,,,,,,,,,
,,,,,,,,,,,,,,,,,,,,,
,,,,,,,,,,,,,,,,,,,,,
,,,,,,,,,,,,,,,,,,,,,
,,,,,,,,,,,,,,,,,,,,,
,,,,,,,,,,,,,,,,,,,,,
,,,,,,,,,,,,,,,,,,,,,
,,,,,,,,,,,,,,,,,,,,,
,,,,,,,,,,,,,,,,,,,,,
,,,,,,,,,,,,,,,,,,,,,
,,,,,,,,,,,,,,,,,,,,,
,,,,,,,,,,,,,,,,,,,,,
,,,,,,,,,,,,,,,,,,,,,
,,,,,,,,,,,,,,,,,,,,,
,,,,,,,,,,,,,,,,,,,,,
,,,,,,,,,,,,,,,,,,,,,
,,,,,,,,,,,,,,,,,,,,,
,,,,,,,,,,,,,,,,,,,,,
,,,,,,,,,,,,,,,,,,,,,
,,,,,,,,,,,,,,,,,,,,,
,,,,,,,,,,,,,,,,,,,,,
,,,,,,,,,,,,,,,,,,,,,
,,,,,,,,,,,,,,,,,,,,,
,,,,,,,,,,,,,,,,,,,,,
,,,,,,,,,,,,,,,,,,,,,
,,,,,,,,,,,,,,,,,,,,,
,,,,,,,,,,,,,,,,,,,,,
,,,,,,,,,,,,,,,,,,,,,
,,,,,,,,,,,,,,,,,,,,,
,,,,,,,,,,,,,,,,,,,,,
,,,,,,,,,,,,,,,,,,,,,
,,,,,,,,,,,,,,,,,,,,,
,,,,,,,,,,,,,,,,,,,,,
,,,,,,,,,,,,,,,,,,,,,
,,,,,,,,,,,,,,,,,,,,,
,,,,,,,,,,,,,,,,,,,,,
,,,,,,,,,,,,,,,,,,,,,
,,,,,,,,,,,,,,,,,,,,,
,,,,,,,,,,,,,,,,,,,,,
,,,,,,,,,,,,,,,,,,,,,
,,,,,,,,,,,,,,,,,,,,,
,,,,,,,,,,,,,,,,,,,,,
,,,,,,,,,,,,,,,,,,,,,
,,,,,,,,,,,,,,,,,,,,,
,,,,,,,,,,,,,,,,,,,,,
,,,,,,,,,,,,,,,,,,,,,
,,,,,,,,,,,,,,,,,,,,,
,,,,,,,,,,,,,,,,,,,,,
,,,,,,,,,,,,,,,,,,,,,
,,,,,,,,,,,,,,,,,,,,,
,,,,,,,,,,,,,,,,,,,,,
,,,,,,,,,,,,,,,,,,,,,
,,,,,,,,,,,,,,,,,,,,,
,,,,,,,,,,,,,,,,,,,,,
,,,,,,,,,,,,,,,,,,,,,
,,,,,,,,,,,,,,,,,,,,,
,,,,,,,,,,,,,,,,,,,,,
,,,,,,,,,,,,,,,,,,,,,
,,,,,,,,,,,,,,,,,,,,,
,,,,,,,,,,,,,,,,,,,,,
,,,,,,,,,,,,,,,,,,,,,
,,,,,,,,,,,,,,,,,,,,,
,,,,,,,,,,,,,,,,,,,,,
,,,,,,,,,,,,,,,,,,,,,
,,,,,,,,,,,,,,,,,,,,,
,,,,,,,,,,,,,,,,,,,,,
,,,,,,,,,,,,,,,,,,,,,
,,,,,,,,,,,,,,,,,,,,,
,,,,,,,,,,,,,,,,,,,,,
,,,,,,,,,,,,,,,,,,,,,
,,,,,,,,,,,,,,,,,,,,,
,,,,,,,,,,,,,,,,,,,,,
,,,,,,,,,,,,,,,,,,,,,
,,,,,,,,,,,,,,,,,,,,,
,,,,,,,,,,,,,,,,,,,,,
,,,,,,,,,,,,,,,,,,,,,
,,,,,,,,,,,,,,,,,,,,,
,,,,,,,,,,,,,,,,,,,,,
,,,,,,,,,,,,,,,,,,,,,
,,,,,,,,,,,,,,,,,,,,,
,,,,,,,,,,,,,,,,,,,,,
,,,,,,,,,,,,,,,,,,,,,
,,,,,,,,,,,,,,,,,,,,,
,,,,,,,,,,,,,,,,,,,,,
,,,,,,,,,,,,,,,,,,,,,
,,,,,,,,,,,,,,,,,,,,,
,,,,,,,,,,,,,,,,,,,,,
,,,,,,,,,,,,,,,,,,,,,
,,,,,,,,,,,,,,,,,,,,,
,,,,,,,,,,,,,,,,,,,,,
,,,,,,,,,,,,,,,,,,,,,
,,,,,,,,,,,,,,,,,,,,,
,,,,,,,,,,,,,,,,,,,,,
,,,,,,,,,,,,,,,,,,,,,
,,,,,,,,,,,,,,,,,,,,,
,,,,,,,,,,,,,,,,,,,,,
,,,,,,,,,,,,,,,,,,,,,
,,,,,,,,,,,,,,,,,,,,,
,,,,,,,,,,,,,,,,,,,,,
,,,,,,,,,,,,,,,,,,,,,
,,,,,,,,,,,,,,,,,,,,,
,,,,,,,,,,,,,,,,,,,,,
,,,,,,,,,,,,,,,,,,,,,
,,,,,,,,,,,,,,,,,,,,,
,,,,,,,,,,,,,,,,,,,,,
,,,,,,,,,,,,,,,,,,,,,
,,,,,,,,,,,,,,,,,,,,,
,,,,,,,,,,,,,,,,,,,,,
,,,,,,,,,,,,,,,,,,,,,
,,,,,,,,,,,,,,,,,,,,,
,,,,,,,,,,,,,,,,,,,,,
,,,,,,,,,,,,,,,,,,,,,
,,,,,,,,,,,,,,,,,,,,,
,,,,,,,,,,,,,,,,,,,,,
,,,,,,,,,,,,,,,,,,,,,
,,,,,,,,,,,,,,,,,,,,,
,,,,,,,,,,,,,,,,,,,,,
,,,,,,,,,,,,,,,,,,,,,
,,,,,,,,,,,,,,,,,,,,,
,,,,,,,,,,,,,,,,,,,,,
,,,,,,,,,,,,,,,,,,,,,
,,,,,,,,,,,,,,,,,,,,,
,,,,,,,,,,,,,,,,,,,,,
,,,,,,,,,,,,,,,,,,,,,
,,,,,,,,,,,,,,,,,,,,,
,,,,,,,,,,,,,,,,,,,,,
,,,,,,,,,,,,,,,,,,,,,
,,,,,,,,,,,,,,,,,,,,,
,,,,,,,,,,,,,,,,,,,,,
,,,,,,,,,,,,,,,,,,,,,
,,,,,,,,,,,,,,,,,,,,,
,,,,,,,,,,,,,,,,,,,,,
,,,,,,,,,,,,,,,,,,,,,
,,,,,,,,,,,,,,,,,,,,,
,,,,,,,,,,,,,,,,,,,,,
,,,,,,,,,,,,,,,,,,,,,
,,,,,,,,,,,,,,,,,,,,,
,,,,,,,,,,,,,,,,,,,,,
,,,,,,,,,,,,,,,,,,,,,
,,,,,,,,,,,,,,,,,,,,,
,,,,,,,,,,,,,,,,,,,,,
,,,,,,,,,,,,,,,,,,,,,
,,,,,,,,,,,,,,,,,,,,,
,,,,,,,,,,,,,,,,,,,,,
,,,,,,,,,,,,,,,,,,,,,
,,,,,,,,,,,,,,,,,,,,,
,,,,,,,,,,,,,,,,,,,,,
,,,,,,,,,,,,,,,,,,,,,
,,,,,,,,,,,,,,,,,,,,,
,,,,,,,,,,,,,,,,,,,,,
,,,,,,,,,,,,,,,,,,,,,
,,,,,,,,,,,,,,,,,,,,,
,,,,,,,,,,,,,,,,,,,,,
,,,,,,,,,,,,,,,,,,,,,
,,,,,,,,,,,,,,,,,,,,,
,,,,,,,,,,,,,,,,,,,,,
,,,,,,,,,,,,,,,,,,,,,
,,,,,,,,,,,,,,,,,,,,,
,,,,,,,,,,,,,,,,,,,,,
,,,,,,,,,,,,,,,,,,,,,
,,,,,,,,,,,,,,,,,,,,,
,,,,,,,,,,,,,,,,,,,,,
,,,,,,,,,,,,,,,,,,,,,
,,,,,,,,,,,,,,,,,,,,,
,,,,,,,,,,,,,,,,,,,,,
,,,,,,,,,,,,,,,,,,,,,
,,,,,,,,,,,,,,,,,,,,,
,,,,,,,,,,,,,,,,,,,,,
,,,,,,,,,,,,,,,,,,,,,
,,,,,,,,,,,,,,,,,,,,,
,,,,,,,,,,,,,,,,,,,,,
,,,,,,,,,,,,,,,,,,,,,
,,,,,,,,,,,,,,,,,,,,,
,,,,,,,,,,,,,,,,,,,,,
,,,,,,,,,,,,,,,,,,,,,
,,,,,,,,,,,,,,,,,,,,,
,,,,,,,,,,,,,,,,,,,,,
,,,,,,,,,,,,,,,,,,,,,
,,,,,,,,,,,,,,,,,,,,,
,,,,,,,,,,,,,,,,,,,,,
,,,,,,,,,,,,,,,,,,,,,
,,,,,,,,,,,,,,,,,,,,,
,,,,,,,,,,,,,,,,,,,,,
,,,,,,,,,,,,,,,,,,,,,
,,,,,,,,,,,,,,,,,,,,,
,,,,,,,,,,,,,,,,,,,,,
,,,,,,,,,,,,,,,,,,,,,
,,,,,,,,,,,,,,,,,,,,,
,,,,,,,,,,,,,,,,,,,,,
,,,,,,,,,,,,,,,,,,,,,
,,,,,,,,,,,,,,,,,,,,,
,,,,,,,,,,,,,,,,,,,,,
,,,,,,,,,,,,,,,,,,,,,
,,,,,,,,,,,,,,,,,,,,,
,,,,,,,,,,,,,,,,,,,,,
,,,,,,,,,,,,,,,,,,,,,
,,,,,,,,,,,,,,,,,,,,,
,,,,,,,,,,,,,,,,,,,,,
,,,,,,,,,,,,,,,,,,,,,
,,,,,,,,,,,,,,,,,,,,,
,,,,,,,,,,,,,,,,,,,,,
,,,,,,,,,,,,,,,,,,,,,
,,,,,,,,,,,,,,,,,,,,,
,,,,,,,,,,,,,,,,,,,,,
,,,,,,,,,,,,,,,,,,,,,
,,,,,,,,,,,,,,,,,,,,,
,,,,,,,,,,,,,,,,,,,,,
,,,,,,,,,,,,,,,,,,,,,
,,,,,,,,,,,,,,,,,,,,,
,,,,,,,,,,,,,,,,,,,,,
,,,,,,,,,,,,,,,,,,,,,
,,,,,,,,,,,,,,,,,,,,,
,,,,,,,,,,,,,,,,,,,,,
,,,,,,,,,,,,,,,,,,,,,
,,,,,,,,,,,,,,,,,,,,,
,,,,,,,,,,,,,,,,,,,,,
,,,,,,,,,,,,,,,,,,,,,
,,,,,,,,,,,,,,,,,,,,,
,,,,,,,,,,,,,,,,,,,,,
,,,,,,,,,,,,,,,,,,,,,
,,,,,,,,,,,,,,,,,,,,,
,,,,,,,,,,,,,,,,,,,,,
,,,,,,,,,,,,,,,,,,,,,
,,,,,,,,,,,,,,,,,,,,,
,,,,,,,,,,,,,,,,,,,,,
,,,,,,,,,,,,,,,,,,,,,
,,,,,,,,,,,,,,,,,,,,,
,,,,,,,,,,,,,,,,,,,,,
,,,,,,,,,,,,,,,,,,,,,
,,,,,,,,,,,,,,,,,,,,,
,,,,,,,,,,,,,,,,,,,,,
,,,,,,,,,,,,,,,,,,,,,
,,,,,,,,,,,,,,,,,,,,,
,,,,,,,,,,,,,,,,,,,,,
,,,,,,,,,,,,,,,,,,,,,
,,,,,,,,,,,,,,,,,,,,,
,,,,,,,,,,,,,,,,,,,,,
,,,,,,,,,,,,,,,,,,,,,
,,,,,,,,,,,,,,,,,,,,,
,,,,,,,,,,,,,,,,,,,,,
,,,,,,,,,,,,,,,,,,,,,
,,,,,,,,,,,,,,,,,,,,,
,,,,,,,,,,,,,,,,,,,,,
,,,,,,,,,,,,,,,,,,,,,
,,,,,,,,,,,,,,,,,,,,,
,,,,,,,,,,,,,,,,,,,,,
,,,,,,,,,,,,,,,,,,,,,
,,,,,,,,,,,,,,,,,,,,,
,,,,,,,,,,,,,,,,,,,,,
,,,,,,,,,,,,,,,,,,,,,
,,,,,,,,,,,,,,,,,,,,,
,,,,,,,,,,,,,,,,,,,,,
,,,,,,,,,,,,,,,,,,,,,
,,,,,,,,,,,,,,,,,,,,,
,,,,,,,,,,,,,,,,,,,,,
,,,,,,,,,,,,,,,,,,,,,
,,,,,,,,,,,,,,,,,,,,,
,,,,,,,,,,,,,,,,,,,,,
,,,,,,,,,,,,,,,,,,,,,
,,,,,,,,,,,,,,,,,,,,,
,,,,,,,,,,,,,,,,,,,,,
,,,,,,,,,,,,,,,,,,,,,
,,,,,,,,,,,,,,,,,,,,,
,,,,,,,,,,,,,,,,,,,,,
,,,,,,,,,,,,,,,,,,,,,
,,,,,,,,,,,,,,,,,,,,,
,,,,,,,,,,,,,,,,,,,,,
,,,,,,,,,,,,,,,,,,,,,
,,,,,,,,,,,,,,,,,,,,,
,,,,,,,,,,,,,,,,,,,,,
,,,,,,,,,,,,,,,,,,,,,
,,,,,,,,,,,,,,,,,,,,,
,,,,,,,,,,,,,,,,,,,,,
,,,,,,,,,,,,,,,,,,,,,
,,,,,,,,,,,,,,,,,,,,,
,,,,,,,,,,,,,,,,,,,,,
,,,,,,,,,,,,,,,,,,,,,
,,,,,,,,,,,,,,,,,,,,,
,,,,,,,,,,,,,,,,,,,,,
,,,,,,,,,,,,,,,,,,,,,
,,,,,,,,,,,,,,,,,,,,,
,,,,,,,,,,,,,,,,,,,,,
,,,,,,,,,,,,,,,,,,,,,
,,,,,,,,,,,,,,,,,,,,,
,,,,,,,,,,,,,,,,,,,,,
,,,,,,,,,,,,,,,,,,,,,
,,,,,,,,,,,,,,,,,,,,,
,,,,,,,,,,,,,,,,,,,,,
,,,,,,,,,,,,,,,,,,,,,
,,,,,,,,,,,,,,,,,,,,,
,,,,,,,,,,,,,,,,,,,,,
,,,,,,,,,,,,,,,,,,,,,
,,,,,,,,,,,,,,,,,,,,,
,,,,,,,,,,,,,,,,,,,,,
,,,,,,,,,,,,,,,,,,,,,
,,,,,,,,,,,,,,,,,,,,,
,,,,,,,,,,,,,,,,,,,,,
,,,,,,,,,,,,,,,,,,,,,
,,,,,,,,,,,,,,,,,,,,,
,,,,,,,,,,,,,,,,,,,,,
,,,,,,,,,,,,,,,,,,,,,
,,,,,,,,,,,,,,,,,,,,,
,,,,,,,,,,,,,,,,,,,,,
,,,,,,,,,,,,,,,,,,,,,
,,,,,,,,,,,,,,,,,,,,,
,,,,,,,,,,,,,,,,,,,,,
,,,,,,,,,,,,,,,,,,,,,
,,,,,,,,,,,,,,,,,,,,,
,,,,,,,,,,,,,,,,,,,,,
,,,,,,,,,,,,,,,,,,,,,
,,,,,,,,,,,,,,,,,,,,,
,,,,,,,,,,,,,,,,,,,,,
,,,,,,,,,,,,,,,,,,,,,
,,,,,,,,,,,,,,,,,,,,,
,,,,,,,,,,,,,,,,,,,,,
,,,,,,,,,,,,,,,,,,,,,
,,,,,,,,,,,,,,,,,,,,,
,,,,,,,,,,,,,,,,,,,,,
,,,,,,,,,,,,,,,,,,,,,
,,,,,,,,,,,,,,,,,,,,,
,,,,,,,,,,,,,,,,,,,,,
,,,,,,,,,,,,,,,,,,,,,
,,,,,,,,,,,,,,,,,,,,,
,,,,,,,,,,,,,,,,,,,,,
,,,,,,,,,,,,,,,,,,,,,
,,,,,,,,,,,,,,,,,,,,,
,,,,,,,,,,,,,,,,,,,,,
,,,,,,,,,,,,,,,,,,,,,
,,,,,,,,,,,,,,,,,,,,,
,,,,,,,,,,,,,,,,,,,,,
,,,,,,,,,,,,,,,,,,,,,
,,,,,,,,,,,,,,,,,,,,,
,,,,,,,,,,,,,,,,,,,,,
,,,,,,,,,,,,,,,,,,,,,
,,,,,,,,,,,,,,,,,,,,,
,,,,,,,,,,,,,,,,,,,,,
,,,,,,,,,,,,,,,,,,,,,
,,,,,,,,,,,,,,,,,,,,,
,,,,,,,,,,,,,,,,,,,,,
,,,,,,,,,,,,,,,,,,,,,
,,,,,,,,,,,,,,,,,,,,,
,,,,,,,,,,,,,,,,,,,,,
,,,,,,,,,,,,,,,,,,,,,
,,,,,,,,,,,,,,,,,,,,,
,,,,,,,,,,,,,,,,,,,,,
,,,,,,,,,,,,,,,,,,,,,
,,,,,,,,,,,,,,,,,,,,,
,,,,,,,,,,,,,,,,,,,,,
,,,,,,,,,,,,,,,,,,,,,
,,,,,,,,,,,,,,,,,,,,,
,,,,,,,,,,,,,,,,,,,,,
,,,,,,,,,,,,,,,,,,,,,
,,,,,,,,,,,,,,,,,,,,,
,,,,,,,,,,,,,,,,,,,,,
,,,,,,,,,,,,,,,,,,,,,
,,,,,,,,,,,,,,,,,,,,,
,,,,,,,,,,,,,,,,,,,,,
,,,,,,,,,,,,,,,,,,,,,
,,,,,,,,,,,,,,,,,,,,,
,,,,,,,,,,,,,,,,,,,,,
,,,,,,,,,,,,,,,,,,,,,
,,,,,,,,,,,,,,,,,,,,,
,,,,,,,,,,,,,,,,,,,,,
,,,,,,,,,,,,,,,,,,,,,
,,,,,,,,,,,,,,,,,,,,,
,,,,,,,,,,,,,,,,,,,,,
,,,,,,,,,,,,,,,,,,,,,
,,,,,,,,,,,,,,,,,,,,,
,,,,,,,,,,,,,,,,,,,,,
,,,,,,,,,,,,,,,,,,,,,
,,,,,,,,,,,,,,,,,,,,,
,,,,,,,,,,,,,,,,,,,,,
,,,,,,,,,,,,,,,,,,,,,
,,,,,,,,,,,,,,,,,,,,,
,,,,,,,,,,,,,,,,,,,,,
,,,,,,,,,,,,,,,,,,,,,
,,,,,,,,,,,,,,,,,,,,,
,,,,,,,,,,,,,,,,,,,,,
,,,,,,,,,,,,,,,,,,,,,
,,,,,,,,,,,,,,,,,,,,,
,,,,,,,,,,,,,,,,,,,,,
,,,,,,,,,,,,,,,,,,,,,
,,,,,,,,,,,,,,,,,,,,,
,,,,,,,,,,,,,,,,,,,,,
,,,,,,,,,,,,,,,,,,,,,
,,,,,,,,,,,,,,,,,,,,,
,,,,,,,,,,,,,,,,,,,,,
,,,,,,,,,,,,,,,,,,,,,
,,,,,,,,,,,,,,,,,,,,,
,,,,,,,,,,,,,,,,,,,,,
,,,,,,,,,,,,,,,,,,,,,
,,,,,,,,,,,,,,,,,,,,,
,,,,,,,,,,,,,,,,,,,,,
,,,,,,,,,,,,,,,,,,,,,
,,,,,,,,,,,,,,,,,,,,,
,,,,,,,,,,,,,,,,,,,,,
,,,,,,,,,,,,,,,,,,,,,
,,,,,,,,,,,,,,,,,,,,,
,,,,,,,,,,,,,,,,,,,,,
,,,,,,,,,,,,,,,,,,,,,
,,,,,,,,,,,,,,,,,,,,,
,,,,,,,,,,,,,,,,,,,,,
,,,,,,,,,,,,,,,,,,,,,
,,,,,,,,,,,,,,,,,,,,,
,,,,,,,,,,,,,,,,,,,,,
,,,,,,,,,,,,,,,,,,,,,
,,,,,,,,,,,,,,,,,,,,,
,,,,,,,,,,,,,,,,,,,,,
,,,,,,,,,,,,,,,,,,,,,
,,,,,,,,,,,,,,,,,,,,,
,,,,,,,,,,,,,,,,,,,,,
,,,,,,,,,,,,,,,,,,,,,
,,,,,,,,,,,,,,,,,,,,,
,,,,,,,,,,,,,,,,,,,,,
,,,,,,,,,,,,,,,,,,,,,
,,,,,,,,,,,,,,,,,,,,,
,,,,,,,,,,,,,,,,,,,,,
,,,,,,,,,,,,,,,,,,,,,
,,,,,,,,,,,,,,,,,,,,,
,,,,,,,,,,,,,,,,,,,,,
,,,,,,,,,,,,,,,,,,,,,
,,,,,,,,,,,,,,,,,,,,,
,,,,,,,,,,,,,,,,,,,,,
,,,,,,,,,,,,,,,,,,,,,
,,,,,,,,,,,,,,,,,,,,,
,,,,,,,,,,,,,,,,,,,,,
,,,,,,,,,,,,,,,,,,,,,
,,,,,,,,,,,,,,,,,,,,,
,,,,,,,,,,,,,,,,,,,,,
,,,,,,,,,,,,,,,,,,,,,
,,,,,,,,,,,,,,,,,,,,,
,,,,,,,,,,,,,,,,,,,,,
,,,,,,,,,,,,,,,,,,,,,
,,,,,,,,,,,,,,,,,,,,,
,,,,,,,,,,,,,,,,,,,,,
,,,,,,,,,,,,,,,,,,,,,
,,,,,,,,,,,,,,,,,,,,,
,,,,,,,,,,,,,,,,,,,,,
,,,,,,,,,,,,,,,,,,,,,
,,,,,,,,,,,,,,,,,,,,,
,,,,,,,,,,,,,,,,,,,,,
,,,,,,,,,,,,,,,,,,,,,
,,,,,,,,,,,,,,,,,,,,,
,,,,,,,,,,,,,,,,,,,,,
,,,,,,,,,,,,,,,,,,,,,
,,,,,,,,,,,,,,,,,,,,,
,,,,,,,,,,,,,,,,,,,,,
,,,,,,,,,,,,,,,,,,,,,
,,,,,,,,,,,,,,,,,,,,,
,,,,,,,,,,,,,,,,,,,,,
,,,,,,,,,,,,,,,,,,,,,
,,,,,,,,,,,,,,,,,,,,,
